Unique_ID,Ticker,Company_Name,Exchange,Financial_Source_Ticker,Market_Price_Ticker,Fiscal_Year,Period_Type,Quarter_End_Date,Calendar_Year,Calendar_Quarter,Fiscal_Year_End_Month,Fiscal_Year_Range,Fetch_Date,Raw_Currency,Currency_Converted,FX_Rate_Used,Raw_Revenue,Raw_RD,Raw_SGA,Raw_Cash,Q_Revenue,Q_RD,Q_SGA,Q_Cash,Market_Cap_USD_M,Source,Source_Strategy,Reporting_Standard,Historical_Backfill_Flag,Manual_Data_Source,Row_Data_Status,Company_Year_Gap_Flag,Manual_Review_Required,Missing_Periods,Suggested_Search,Reviewer_Notes,Derived_Row_Flag,USD_Converted_Flag
CMP-001,4528.T,"Ono Pharmaceutical Co., Ltd.",Tokyo Stock,4528.T,4528.T,2026,FY,31/03/2026,2026,Q1,3,FY2026 covers Apr 2025 to Mar 2026,17/05/2026,JPY,Yes,0.00685,516000000000.0,145000000000.0,124000000000.0,237000000000.0,3533.12725,993.935,846.66,1623.7651,7380.22,Manual_PDF,MANUAL_IR,IFRS,False,Yes,Complete,Yes,No,H1,,"[PDF_CORRECTED] Old values: Revenue=516B JPY, RD=147B JPY, SGA=124B JPY, Cash=237B JPY. Corrected to Revenue=515,785,000,000 JPY, RD=145,100,000,000 JPY, SGA=123,600,000,000 JPY, Cash=237,046,000,000 JPY per Ono Pharmaceutical FY2025 Financial Results, page 1 & 6, May 14, 2026. | Manual PDF extraction from FY2025 (ended March 31, 2026) Financial Results. Raw values in Millions of JPY. Used FX JPY=0.00685. | 5-point temporal requirement waived in favor of Zero-Force Policy (§4). | Market_Cap: Market_Price_Ticker=4528.T, quoteCurrency=JPY, price@2026-03-31 × current shares (historical shares unavailable). FX=0.006256. | [LABEL] Official Ono label is FY2025 full-year (Apr 2025-Mar 2026). Fiscal_Year=2026 retained per system convention (calendar year of period end). Do not treat Calendar_Quarter=Q1 as a standalone quarterly result. | [GAP_SYNC] Synced from Company_Year_Gap_Flags.csv: Missing_Periods=H1.",False,True
CMP-001,4528.T,"Ono Pharmaceutical Co., Ltd.",Tokyo Stock,4528.T,4528.T,2025,FY,31/03/2025,2025,Q1,3,FY2025 covers Apr 2024 to Mar 2025,19/05/2026,JPY,Yes,0.006684,486871000000.0,149866000000.0,125671000000.0,204567000000.0,3254.25,1001.7,839.98,1367.33,724002.23,yfinance,JAPAN_YF_THEN_MANUAL,IFRS,False,Yes,Complete,Yes,No,2024:H1; 2025:H1,"Ono Pharmaceutical Co., Ltd. H1 2024 financial results revenue R&D SG&A cash | Ono Pharmaceutical Co., Ltd. H1 2025 financial results revenue R&D SG&A cash",Market_Cap approx: historical price x current shares. | Missing expected periods this run: 2024:H1; 2025:H1. | Fiscal-year note: FY2025 covers Apr 2024 to Mar 2025. | 5-point temporal requirement waived in favor of Zero-Force Policy (§4).,False,True
CMP-001,4528.T,"Ono Pharmaceutical Co., Ltd.",Tokyo Stock,4528.T,4528.T,2024,FY,31/03/2024,2024,Q1,3,FY2024 covers Apr 2023 to Mar 2024,19/05/2026,JPY,Yes,0.006605,502672000000.0,112174000000.0,100270000000.0,166141000000.0,3320.15,740.91,662.28,1097.36,1067013.0,yfinance,JAPAN_YF_THEN_MANUAL,IFRS,False,Yes,Complete,Yes,No,2024:H1; 2025:H1,"Ono Pharmaceutical Co., Ltd. H1 2024 financial results revenue R&D SG&A cash | Ono Pharmaceutical Co., Ltd. H1 2025 financial results revenue R&D SG&A cash",Market_Cap approx: historical price x current shares. | Missing expected periods this run: 2024:H1; 2025:H1. | Fiscal-year note: FY2024 covers Apr 2023 to Mar 2024. | 5-point temporal requirement waived in favor of Zero-Force Policy (§4).,False,True
CMP-002,1LLY.MI,Eli Lilly & Co.,Milan Stock Exchange,LLY,LLY,2026,Q1,31/03/2026,2026,Q1,12,FY2026 covers Jan 2026 to Dec 2026,19/05/2026,USD,No,1.0,19799000000.0,3510000000.0,6444000000.0,5282000000.0,19799.0,3510.0,6444.0,5282.0,818787.55,yfinance,YF_THEN_MANUAL,US GAAP,False,No,Complete,No,No,,,Market_Cap approx: historical price x current shares.,False,False
CMP-002,1LLY.MI,Eli Lilly & Co.,Milan Stock Exchange,LLY,LLY,2025,FY,31/12/2025,2025,Q4,12,FY2025 covers Jan 2025 to Dec 2025,19/05/2026,USD,No,1.0,65179000000.0,13337000000.0,11094000000.0,7268000000.0,65179.0,13337.0,11094.0,7268.0,955095.76,SEC_EDGAR,YF_THEN_MANUAL,GAAP,False,No,Complete,No,No,,,Market_Cap approx: historical price x current shares.,False,False
CMP-002,1LLY.MI,Eli Lilly & Co.,Milan Stock Exchange,LLY,LLY,2025,Q1,31/03/2025,2025,Q1,12,FY2025 covers Jan 2025 to Dec 2025,19/05/2026,USD,No,1.0,12729000000.0,2734000000.0,2468800000.0,3093300000.0,12729.0,2734.0,2468.8,3093.3,729828.78,yfinance,YF_THEN_MANUAL,US GAAP,False,No,Complete,No,No,,,Market_Cap approx: historical price x current shares.,False,False
CMP-002,1LLY.MI,Eli Lilly & Co.,Milan Stock Exchange,LLY,LLY,2025,Q2,30/06/2025,2025,Q2,12,FY2025 covers Jan 2025 to Dec 2025,19/05/2026,USD,No,1.0,15557700000.0,3336100000.0,2753000000.0,3375900000.0,15557.7,3336.1,2753.0,3375.9,690256.34,yfinance,YF_THEN_MANUAL,US GAAP,False,No,Complete,No,No,,,Market_Cap approx: historical price x current shares.,False,False
CMP-002,1LLY.MI,Eli Lilly & Co.,Milan Stock Exchange,LLY,LLY,2025,Q3,30/09/2025,2025,Q3,12,FY2025 covers Jan 2025 to Dec 2025,19/05/2026,USD,No,1.0,17600800000.0,3465700000.0,2740700000.0,9791900000.0,17600.8,3465.7,2740.7,9791.9,677103.32,yfinance,YF_THEN_MANUAL,US GAAP,False,No,Complete,No,No,,,Market_Cap approx: historical price x current shares.,False,False
CMP-002,1LLY.MI,Eli Lilly & Co.,Milan Stock Exchange,LLY,LLY,2025,Q4,31/12/2025,2025,Q4,12,FY2025 covers Jan 2025 to Dec 2025,19/05/2026,USD,No,1.0,19292000000.0,3801500000.0,6932900000.0,7268000000.0,19292.0,3801.5,6932.9,7268.0,955095.76,yfinance,YF_THEN_MANUAL,US GAAP,False,No,Complete,No,No,,,Market_Cap approx: historical price x current shares.,False,False
CMP-002,1LLY.MI,Eli Lilly & Co.,Milan Stock Exchange,LLY,LLY,2024,FY,31/12/2024,2024,Q4,12,FY2024 covers Jan 2024 to Dec 2024,19/05/2026,USD,No,1.0,45042700000.0,10990600000.0,8593800000.0,3268400000.0,45042.7,10990.6,8593.8,3268.4,681016.66,SEC_EDGAR,YF_THEN_MANUAL,GAAP,False,No,Complete,No,No,,,Market_Cap approx: historical price x current shares.,False,False
CMP-002,1LLY.MI,Eli Lilly & Co.,Milan Stock Exchange,LLY,LLY,2024,Q1,31/03/2024,2024,Q1,12,FY2024 covers Jan 2024 to Dec 2024,19/05/2026,USD,No,1.0,8768000000.0,2522800000.0,1952200000.0,2460200000.0,8768.0,2522.8,1952.2,2460.2,667734.05,SEC_EDGAR,YF_THEN_MANUAL,GAAP,False,No,Complete,No,No,,,Market_Cap approx: historical price x current shares.,False,False
CMP-002,1LLY.MI,Eli Lilly & Co.,Milan Stock Exchange,LLY,LLY,2024,Q2,30/06/2024,2024,Q2,12,FY2024 covers Jan 2024 to Dec 2024,19/05/2026,USD,No,1.0,11302800000.0,2711200000.0,2117300000.0,3223600000.0,11302.8,2711.2,2117.3,3223.6,804150.4,SEC_EDGAR,YF_THEN_MANUAL,GAAP,False,No,Derived,No,Yes,,,Market_Cap approx: historical price x current shares. | [YTD->Discrete] Q2 was H1 cumulative from SEC XBRL. Corrected: Q2 = H1 - Q1 (Revenue/R&D/SGA).,True,False
CMP-002,1LLY.MI,Eli Lilly & Co.,Milan Stock Exchange,LLY,LLY,2024,Q3,30/09/2024,2024,Q3,12,FY2024 covers Jan 2024 to Dec 2024,19/05/2026,USD,No,1.0,11439100000.0,2734100000.0,2099800000.0,3369000000.0,11439.1,2734.1,2099.8,3369.0,780236.07,SEC_EDGAR,YF_THEN_MANUAL,GAAP,False,No,Derived,No,Yes,,,Market_Cap approx: historical price x current shares. | [YTD->Discrete] Q3 was 9M cumulative from SEC XBRL. Corrected: Q3 = 9M - H1 (Revenue/R&D/SGA).,True,False
CMP-002,1LLY.MI,Eli Lilly & Co.,Milan Stock Exchange,LLY,LLY,2024,Q4,31/12/2024,2024,Q4,12,FY2024 covers Jan 2024 to Dec 2024,19/05/2026,USD,No,1.0,,,2424500000.0,,,,2424.5,,681016.66,yfinance,YF_THEN_MANUAL,US GAAP,False,No,Partial,No,No,,,Revenue missing for Q4 2024; detail fields exist. Verify source label or add manual revenue fallback. | Market_Cap approx: historical price x current shares.,False,False
CMP-003,JNJ,Johnson & Johnson,NYSE,JNJ,JNJ,2026,Q1,29/03/2026,2026,Q1,12,FY2026 covers Jan 2026 to Dec 2026,19/05/2026,USD,No,1.0,24062000000.0,3527000000.0,6034000000.0,21688000000.0,24062.0,3527.0,6034.0,21688.0,583726.06,SEC_EDGAR,US_SEC_FIRST,GAAP,False,No,Complete,No,No,,,Market_Cap approx: historical price x current shares.,False,False
CMP-003,JNJ,Johnson & Johnson,NYSE,JNJ,JNJ,2025,FY,28/12/2025,2025,Q4,12,FY2025 covers Jan 2025 to Dec 2025,19/05/2026,USD,No,1.0,94193000000.0,109000000.0,23676000000.0,19709000000.0,94193.0,109.0,23676.0,19709.0,496999.84,SEC_EDGAR,US_SEC_FIRST,GAAP,False,No,Complete,No,No,,,Market_Cap approx: historical price x current shares.,False,False
CMP-003,JNJ,Johnson & Johnson,NYSE,JNJ,JNJ,2025,Q1,30/03/2025,2025,Q1,12,FY2025 covers Jan 2025 to Dec 2025,19/05/2026,USD,No,1.0,21893000000.0,3225000000.0,5112000000.0,38474000000.0,21893.0,3225.0,5112.0,38474.0,388391.51,SEC_EDGAR,US_SEC_FIRST,GAAP,False,No,Complete,No,No,,,Market_Cap approx: historical price x current shares.,False,False
CMP-003,JNJ,Johnson & Johnson,NYSE,JNJ,JNJ,2025,Q2,29/06/2025,2025,Q2,12,FY2025 covers Jan 2025 to Dec 2025,19/05/2026,USD,No,1.0,23743000000.0,3516000000.0,5889000000.0,18577000000.0,23743.0,3516.0,5889.0,18577.0,360802.03,SEC_EDGAR,US_SEC_FIRST,GAAP,False,No,Derived,No,Yes,,,Market_Cap approx: historical price x current shares. | [YTD->Discrete] Q2 was H1 cumulative from SEC XBRL. Corrected: Q2 = H1 - Q1 (Revenue/R&D/SGA).,True,False
CMP-003,JNJ,Johnson & Johnson,NYSE,JNJ,JNJ,2025,Q3,28/09/2025,2025,Q3,12,FY2025 covers Jan 2025 to Dec 2025,19/05/2026,USD,No,1.0,23993000000.0,3672000000.0,5922000000.0,18231000000.0,23993.0,3672.0,5922.0,18231.0,432143.05,SEC_EDGAR,US_SEC_FIRST,GAAP,False,No,Derived,No,Yes,,,Market_Cap approx: historical price x current shares. | [YTD->Discrete] Q3 was 9M cumulative from SEC XBRL. Corrected: Q3 = 9M - H1 (Revenue/R&D/SGA).,True,False
CMP-003,JNJ,Johnson & Johnson,NYSE,JNJ,JNJ,2025,Q4,28/12/2025,2025,Q4,12,FY2025 covers Jan 2025 to Dec 2025,17/05/2026,USD,No,1.0,24564000000.0,4252000000.0,6753000000.0,19709000000.0,24564.0,4252.0,6753.0,19709.0,496999.84,SEC_EDGAR,US_SEC_FIRST,GAAP,False,No,Derived,No,Yes,,,Source: Derived (FY - Q3_YTD) | §4 Conditional.,True,False
CMP-003,JNJ,Johnson & Johnson,NYSE,JNJ,JNJ,2024,FY,29/12/2024,2024,Q4,12,FY2024 covers Jan 2024 to Dec 2024,19/05/2026,USD,No,1.0,88821000000.0,1841000000.0,22869000000.0,24105000000.0,88821.0,1841.0,22869.0,24105.0,333031.5,SEC_EDGAR,US_SEC_FIRST,GAAP,False,No,Complete,No,No,,,Market_Cap approx: historical price x current shares.,False,False
CMP-003,JNJ,Johnson & Johnson,NYSE,JNJ,JNJ,2024,Q1,31/03/2024,2024,Q1,12,FY2024 covers Jan 2024 to Dec 2024,19/05/2026,USD,No,1.0,21383000000.0,3542000000.0,5257000000.0,25473000000.0,21383.0,3542.0,5257.0,25473.0,358029.41,SEC_EDGAR,US_SEC_FIRST,GAAP,False,No,Complete,No,No,,,Market_Cap approx: historical price x current shares.,False,False
CMP-003,JNJ,Johnson & Johnson,NYSE,JNJ,JNJ,2024,Q2,30/06/2024,2024,Q2,12,FY2024 covers Jan 2024 to Dec 2024,19/05/2026,USD,No,1.0,22447000000.0,3440000000.0,5681000000.0,24878000000.0,22447.0,3440.0,5681.0,24878.0,334983.18,SEC_EDGAR,US_SEC_FIRST,GAAP,False,No,Derived,No,Yes,,,Market_Cap approx: historical price x current shares. | [YTD->Discrete] Q2 was H1 cumulative from SEC XBRL. Corrected: Q2 = H1 - Q1 (Revenue/R&D/SGA).,True,False
CMP-003,JNJ,Johnson & Johnson,NYSE,JNJ,JNJ,2024,Q3,29/09/2024,2024,Q3,12,FY2024 covers Jan 2024 to Dec 2024,19/05/2026,USD,No,1.0,22471000000.0,4952000000.0,5478000000.0,19980000000.0,22471.0,4952.0,5478.0,19980.0,373527.82,SEC_EDGAR,US_SEC_FIRST,GAAP,False,No,Derived,No,Yes,,,Market_Cap approx: historical price x current shares. | [YTD->Discrete] Q3 was 9M cumulative from SEC XBRL. Corrected: Q3 = 9M - H1 (Revenue/R&D/SGA).,True,False
CMP-003,JNJ,Johnson & Johnson,NYSE,JNJ,JNJ,2024,Q4,29/12/2024,2024,Q4,12,FY2024 covers Jan 2024 to Dec 2024,17/05/2026,USD,No,1.0,22520000000.0,5298000000.0,6453000000.0,24105000000.0,22520.0,5298.0,6453.0,24105.0,333031.54,SEC_EDGAR,US_SEC_FIRST,GAAP,False,No,Derived,No,Yes,,,Source: Derived (FY - Q3_YTD) | §4 Conditional.,True,False
CMP-004,ABBV,Abbvie,NYSE,ABBV,ABBV,2026,Q1,31/03/2026,2026,Q1,12,FY2026 covers Jan 2026 to Dec 2026,19/05/2026,USD,No,1.0,15002000000.0,2472000000.0,3578000000.0,9391000000.0,15002.0,2472.0,3578.0,9391.0,381098.12,SEC_EDGAR,US_SEC_FIRST,GAAP,False,No,Complete,No,No,,,Market_Cap approx: historical price x current shares.,False,False
CMP-004,ABBV,Abbvie,NYSE,ABBV,ABBV,2025,FY,31/12/2025,2025,Q4,12,FY2025 covers Jan 2025 to Dec 2025,19/05/2026,USD,No,1.0,61160000000.0,9096000000.0,14010000000.0,5229000000.0,61160.0,9096.0,14010.0,5229.0,397177.35,SEC_EDGAR,US_SEC_FIRST,GAAP,False,No,Complete,No,No,,,Market_Cap approx: historical price x current shares.,False,False
CMP-004,ABBV,Abbvie,NYSE,ABBV,ABBV,2025,Q1,31/03/2025,2025,Q1,12,FY2025 covers Jan 2025 to Dec 2025,19/05/2026,USD,No,1.0,13343000000.0,2067000000.0,3293000000.0,5175000000.0,13343.0,2067.0,3293.0,5175.0,355216.48,SEC_EDGAR,US_SEC_FIRST,GAAP,False,No,Complete,No,No,,,Market_Cap approx: historical price x current shares.,False,False
CMP-004,ABBV,Abbvie,NYSE,ABBV,ABBV,2025,Q2,30/06/2025,2025,Q2,12,FY2025 covers Jan 2025 to Dec 2025,19/05/2026,USD,No,1.0,15423000000.0,2131000000.0,3253000000.0,6467000000.0,15423.0,2131.0,3253.0,6467.0,317605.08,SEC_EDGAR,US_SEC_FIRST,GAAP,False,No,Derived,No,Yes,,,Market_Cap approx: historical price x current shares. | [YTD->Discrete] Q2 was H1 cumulative from SEC XBRL. Corrected: Q2 = H1 - Q1 (Revenue/R&D/SGA).,True,False
CMP-004,ABBV,Abbvie,NYSE,ABBV,ABBV,2025,Q3,30/09/2025,2025,Q3,12,FY2025 covers Jan 2025 to Dec 2025,19/05/2026,USD,No,1.0,15776000000.0,2319000000.0,3569000000.0,5629000000.0,15776.0,2319.0,3569.0,5629.0,399598.31,SEC_EDGAR,US_SEC_FIRST,GAAP,False,No,Derived,No,Yes,,,Market_Cap approx: historical price x current shares. | [YTD->Discrete] Q3 was 9M cumulative from SEC XBRL. Corrected: Q3 = 9M - H1 (Revenue/R&D/SGA).,True,False
CMP-004,ABBV,Abbvie,NYSE,ABBV,ABBV,2025,Q4,31/12/2025,2025,Q4,12,FY2025 covers Jan 2025 to Dec 2025,19/05/2026,USD,No,1.0,16618000000.0,2579000000.0,3895000000.0,5229000000.0,16618.0,2579.0,3895.0,5229.0,397177.35,SEC_EDGAR,US_SEC_FIRST,GAAP,False,No,Derived,No,Yes,,,Source: Derived (FY - Q3_YTD) | §4 Conditional.,True,False
CMP-004,ABBV,Abbvie,NYSE,ABBV,ABBV,2024,FY,31/12/2024,2024,Q4,12,FY2024 covers Jan 2024 to Dec 2024,19/05/2026,USD,No,1.0,56334000000.0,12791000000.0,14752000000.0,5524000000.0,56334.0,12791.0,14752.0,5524.0,298454.94,SEC_EDGAR,US_SEC_FIRST,GAAP,False,No,Complete,No,No,,,Market_Cap approx: historical price x current shares.,False,False
CMP-004,ABBV,Abbvie,NYSE,ABBV,ABBV,2024,Q1,31/03/2024,2024,Q1,12,FY2024 covers Jan 2024 to Dec 2024,19/05/2026,USD,No,1.0,12310000000.0,1939000000.0,3315000000.0,18067000000.0,12310.0,1939.0,3315.0,18067.0,295686.13,SEC_EDGAR,US_SEC_FIRST,GAAP,False,No,Complete,No,No,,,Market_Cap approx: historical price x current shares.,False,False
CMP-004,ABBV,Abbvie,NYSE,ABBV,ABBV,2024,Q2,30/06/2024,2024,Q2,12,FY2024 covers Jan 2024 to Dec 2024,19/05/2026,USD,No,1.0,14462000000.0,1948000000.0,3377000000.0,13130000000.0,14462.0,1948.0,3377.0,13130.0,281292.9,SEC_EDGAR,US_SEC_FIRST,GAAP,False,No,Derived,No,Yes,,,Market_Cap approx: historical price x current shares. | [YTD->Discrete] Q2 was H1 cumulative from SEC XBRL. Corrected: Q2 = H1 - Q1 (Revenue/R&D/SGA).,True,False
CMP-004,ABBV,Abbvie,NYSE,ABBV,ABBV,2024,Q3,30/09/2024,2024,Q3,12,FY2024 covers Jan 2024 to Dec 2024,19/05/2026,USD,No,1.0,14460000000.0,2130000000.0,4205000000.0,7257000000.0,14460.0,2130.0,4205.0,7257.0,329048.64,SEC_EDGAR,US_SEC_FIRST,GAAP,False,No,Derived,No,Yes,,,Market_Cap approx: historical price x current shares. | [YTD->Discrete] Q3 was 9M cumulative from SEC XBRL. Corrected: Q3 = 9M - H1 (Revenue/R&D/SGA).,True,False
CMP-004,ABBV,Abbvie,NYSE,ABBV,ABBV,2024,Q4,31/12/2024,2024,Q4,12,FY2024 covers Jan 2024 to Dec 2024,19/05/2026,USD,No,1.0,15102000000.0,6774000000.0,3855000000.0,5524000000.0,15102.0,6774.0,3855.0,5524.0,298454.94,SEC_EDGAR,US_SEC_FIRST,GAAP,False,No,Derived,No,Yes,,,Source: Derived (FY - Q3_YTD) | §4 Conditional.,True,False
CMP-005,ROG.SW,Roche,SIX Swiss Exchange,ROG.SW,ROG.SW,2026,Q1,31/03/2026,2026,Q1,12,FY2026 covers Jan 2026 to Dec 2026,17/05/2026,CHF,Yes,1.12,14722000000.0,,,,16488.64,,,,271047.29,Manual_PDF,MANUAL_IR,IFRS,False,Yes,Partial_Revenue_Only,No,Yes,,,"[PDF_VERIFIED] Confirmed against Roche Q1 2026 Sales Update, page 1, April 23, 2026. | Manual PDF extraction from Q1 2026 sales update. Partial data (Revenue only published). Used FX CHF=1.12. | 5-point temporal requirement waived in favor of Zero-Force Policy (§4). | Market_Cap: Market_Price_Ticker=ROG.SW, quoteCurrency=CHF, price@2026-03-31 × current shares (historical shares unavailable). FX=1.250188. | [CADENCE_VERIFIED] Company does not disclose full quarterly financial statements for the flagged periods; dashboard should label cadence rather than fabricate missing quarters. Zero-Force policy applied.",False,True
CMP-005,ROG.SW,Roche,SIX Swiss Exchange,ROG.SW,ROG.SW,2025,FY,31/12/2025,2025,Q4,12,FY2025 covers Jan 2025 to Dec 2025,19/05/2026,CHF,Yes,1.263105,63356000000.0,13352000000.0,15161000000.0,5582000000.0,80025.28,16864.98,19149.93,7050.65,217586.21,yfinance,YF_THEN_MANUAL,IFRS,False,Yes,Complete,No,No,,,Market_Cap approx: historical price x current shares.| 5-point temporal requirement waived in favor of Zero-Force Policy (§4). | [CADENCE_VERIFIED] Company does not disclose full quarterly financial statements for the flagged periods; dashboard should label cadence rather than fabricate missing quarters. Zero-Force policy applied.,False,True
CMP-005,ROG.SW,Roche,SIX Swiss Exchange,ROG.SW,ROG.SW,2024,FY,31/12/2024,2024,Q4,12,FY2024 covers Jan 2024 to Dec 2024,19/05/2026,CHF,Yes,1.107125,62395000000.0,15304000000.0,14896000000.0,6975000000.0,69079.06,16943.44,16491.73,7722.2,166037.62,yfinance,YF_THEN_MANUAL,IFRS,False,Yes,Complete,No,No,,,Market_Cap approx: historical price x current shares.| 5-point temporal requirement waived in favor of Zero-Force Policy (§4). | [CADENCE_VERIFIED] Company does not disclose full quarterly financial statements for the flagged periods; dashboard should label cadence rather than fabricate missing quarters. Zero-Force policy applied.,False,True
CMP-006,AZN.L,AstraZeneca,NYSE,AZN.L,AZN.L,2026,Q1,31/03/2026,2026,Q1,12,FY2026 covers Jan 2026 to Dec 2026,17/05/2026,USD,No,1.0,15288000000.0,3492000000.0,4920000000.0,7560000000.0,15288.0,3492.0,4920.0,7560.0,300102.18,Manual_PDF,MANUAL_IR,IFRS,False,Yes,Complete,No,No,,,"[PDF_VERIFIED] Confirmed against AstraZeneca Q1 2026 Results Announcement, page 4 & 12, April 30, 2026. | Manual PDF extraction from Q1 2026 results announcement. Raw values in Millions of USD. Used FX USD=1.0. | 5-point temporal requirement waived in favor of Zero-Force Policy (§4). | Market_Cap: Market_Price_Ticker=AZN.L, quoteCurrency=GBP, price@2026-03-31 × current shares (historical shares unavailable). FX=1.31728. | [MARKET_CAP_FIX] LSE GBp/pence market cap unit correction: divide by 100. Old=30010218.08; New=300102.18.",False,False
CMP-006,AZN.L,AstraZeneca,NYSE,AZN.L,AZN.L,2025,FY,31/12/2025,2025,Q4,12,FY2025 covers Jan 2025 to Dec 2025,19/05/2026,USD,No,1.0,58739000000.0,14232000000.0,19933000000.0,5711000000.0,58739.0,14232.0,19933.0,5711.0,21384000.55,SEC_EDGAR,US_SEC_FIRST,IFRS,False,No,Complete,No,No,,,"Market_Cap approx: historical price x current shares. | Missing expected periods this run: 2024:Q1,Q3; 2025:Q1,Q3. | 5-point temporal requirement waived in favor of Zero-Force Policy (§4).",False,False
CMP-006,AZN.L,AstraZeneca,NYSE,AZN.L,AZN.L,2025,Q2,30/06/2025,2025,Q2,12,FY2025 covers Jan 2025 to Dec 2025,19/05/2026,USD,No,1.0,28045000000.0,6707000000.0,9356000000.0,7058000000.0,28045.0,6707.0,9356.0,7058.0,15691882.25,SEC_EDGAR,US_SEC_FIRST,IFRS,False,No,Complete,No,No,,,"Market_Cap approx: historical price x current shares. | Missing expected periods this run: 2024:Q1,Q3; 2025:Q1,Q3. | 5-point temporal requirement waived in favor of Zero-Force Policy (§4).",False,False
CMP-006,AZN.L,AstraZeneca,NYSE,AZN.L,AZN.L,2024,FY,31/12/2024,2024,Q4,12,FY2024 covers Jan 2024 to Dec 2024,19/05/2026,USD,No,1.0,54073000000.0,13583000000.0,19977000000.0,5488000000.0,54073.0,13583.0,19977.0,5488.0,16229154.18,SEC_EDGAR,US_SEC_FIRST,IFRS,False,No,Complete,No,No,,,"Market_Cap approx: historical price x current shares. | Missing expected periods this run: 2024:Q1,Q3; 2025:Q1,Q3. | 5-point temporal requirement waived in favor of Zero-Force Policy (§4).",False,False
CMP-006,AZN.L,AstraZeneca,NYSE,AZN.L,AZN.L,2024,Q2,30/06/2024,2024,Q2,12,FY2024 covers Jan 2024 to Dec 2024,19/05/2026,USD,No,1.0,25617000000.0,5791000000.0,9424000000.0,6916000000.0,25617.0,5791.0,9424.0,6916.0,19074448.51,SEC_EDGAR,US_SEC_FIRST,IFRS,False,No,Complete,No,No,,,"Market_Cap approx: historical price x current shares. | Missing expected periods this run: 2024:Q1,Q3; 2025:Q1,Q3. | 5-point temporal requirement waived in favor of Zero-Force Policy (§4).",False,False
CMP-007,NOVN.SW,Novartis AG,NYSE,NOVN.SW,NOVN.SW,2026,Q1,31/03/2026,2026,Q1,12,FY2026 covers Jan 2026 to Dec 2026,17/05/2026,USD,No,1.0,13113000000.0,2740000000.0,3140000000.0,6877000000.0,13113.0,2740.0,3140.0,6877.0,288308.35,Manual_PDF,MANUAL_IR,IFRS,False,Yes,Complete,No,No,,,"[PDF_VERIFIED] Confirmed against Novartis Q1 2026 Condensed Financial Report, page 1, April 24, 2026. | Manual PDF extraction from Q1 2026 media release. Raw values in Millions of USD. Used FX USD=1.0. | 5-point temporal requirement waived in favor of Zero-Force Policy (§4). | Market_Cap: Market_Price_Ticker=NOVN.SW, quoteCurrency=CHF, price@2026-03-31 × current shares (historical shares unavailable). FX=1.250188.",False,False
CMP-007,NOVN.SW,Novartis AG,NYSE,NOVN.SW,NOVN.SW,2025,FY,31/12/2025,2025,Q4,12,FY2025 covers Jan 2025 to Dec 2025,19/05/2026,USD,No,1.0,54532000000.0,11200000000.0,13248000000.0,11435000000.0,54532.0,11200.0,13248.0,11435.0,200914.62,SEC_EDGAR,US_SEC_FIRST,IFRS,False,No,Complete,No,No,,,"Market_Cap approx: historical price x current shares. | Missing expected periods this run: 2024:Q1,Q3; 2025:Q1,Q3. | 5-point temporal requirement waived in favor of Zero-Force Policy (§4).",False,False
CMP-007,NOVN.SW,Novartis AG,NYSE,NOVN.SW,NOVN.SW,2025,Q2,30/06/2025,2025,Q2,12,FY2025 covers Jan 2025 to Dec 2025,19/05/2026,USD,No,1.0,27287000000.0,5093000000.0,6500000000.0,6656000000.0,27287.0,5093.0,6500.0,6656.0,178082.56,SEC_EDGAR,US_SEC_FIRST,IFRS,False,No,Complete,No,No,,,"Market_Cap approx: historical price x current shares. | Missing expected periods this run: 2024:Q1,Q3; 2025:Q1,Q3. | 5-point temporal requirement waived in favor of Zero-Force Policy (§4).",False,False
CMP-007,NOVN.SW,Novartis AG,NYSE,NOVN.SW,NOVN.SW,2024,FY,31/12/2024,2024,Q4,12,FY2024 covers Jan 2024 to Dec 2024,19/05/2026,USD,No,1.0,50317000000.0,10022000000.0,12566000000.0,11459000000.0,50317.0,10022.0,12566.0,11459.0,159151.61,SEC_EDGAR,US_SEC_FIRST,IFRS,False,No,Complete,No,No,,,"Market_Cap approx: historical price x current shares. | Missing expected periods this run: 2024:Q1,Q3; 2025:Q1,Q3. | 5-point temporal requirement waived in favor of Zero-Force Policy (§4).",False,False
CMP-007,NOVN.SW,Novartis AG,NYSE,NOVN.SW,NOVN.SW,2024,Q2,30/06/2024,2024,Q2,12,FY2024 covers Jan 2024 to Dec 2024,19/05/2026,USD,No,1.0,24341000000.0,4788000000.0,5931000000.0,7903000000.0,24341.0,4788.0,5931.0,7903.0,172917.81,SEC_EDGAR,US_SEC_FIRST,IFRS,False,No,Complete,No,No,,,"Market_Cap approx: historical price x current shares. | Missing expected periods this run: 2024:Q1,Q3; 2025:Q1,Q3. | 5-point temporal requirement waived in favor of Zero-Force Policy (§4).",False,False
CMP-008,MRK,Merck & Co,NYSE,MRK,MRK,2026,Q1,31/03/2026,2026,Q1,12,FY2026 covers Jan 2026 to Dec 2026,19/05/2026,USD,No,1.0,16286000000.0,12592000000.0,2700000000.0,5327000000.0,16286.0,12592.0,2700.0,5327.0,297095.18,SEC_EDGAR,US_SEC_FIRST,GAAP,False,No,Complete,No,No,,,Market_Cap approx: historical price x current shares.,False,False
CMP-008,MRK,Merck & Co,NYSE,MRK,MRK,2025,FY,31/12/2025,2025,Q4,12,FY2025 covers Jan 2025 to Dec 2025,19/05/2026,USD,No,1.0,65011000000.0,15789000000.0,10733000000.0,14565000000.0,65011.0,15789.0,10733.0,14565.0,258062.32,SEC_EDGAR,US_SEC_FIRST,GAAP,False,No,Complete,No,No,,,Market_Cap approx: historical price x current shares.,False,False
CMP-008,MRK,Merck & Co,NYSE,MRK,MRK,2025,Q1,31/03/2025,2025,Q1,12,FY2025 covers Jan 2025 to Dec 2025,19/05/2026,USD,No,1.0,15529000000.0,3621000000.0,2552000000.0,8629000000.0,15529.0,3621.0,2552.0,8629.0,213920.46,SEC_EDGAR,US_SEC_FIRST,GAAP,False,No,Complete,No,No,,,Market_Cap approx: historical price x current shares.,False,False
CMP-008,MRK,Merck & Co,NYSE,MRK,MRK,2025,Q2,30/06/2025,2025,Q2,12,FY2025 covers Jan 2025 to Dec 2025,19/05/2026,USD,No,1.0,15806000000.0,4048000000.0,2650000000.0,8007000000.0,15806.0,4048.0,2650.0,8007.0,190546.92,SEC_EDGAR,US_SEC_FIRST,GAAP,False,No,Derived,No,Yes,,,Market_Cap approx: historical price x current shares. | [YTD->Discrete] Q2 was H1 cumulative from SEC XBRL. Corrected: Q2 = H1 - Q1 (Revenue/R&D/SGA).,True,False
CMP-008,MRK,Merck & Co,NYSE,MRK,MRK,2025,Q3,30/09/2025,2025,Q3,12,FY2025 covers Jan 2025 to Dec 2025,19/05/2026,USD,No,1.0,17276000000.0,4234000000.0,2633000000.0,18169000000.0,17276.0,4234.0,2633.0,18169.0,204024.49,SEC_EDGAR,US_SEC_FIRST,GAAP,False,No,Derived,No,Yes,,,Market_Cap approx: historical price x current shares. | [YTD->Discrete] Q3 was 9M cumulative from SEC XBRL. Corrected: Q3 = 9M - H1 (Revenue/R&D/SGA).,True,False
CMP-008,MRK,Merck & Co,NYSE,MRK,MRK,2025,Q4,31/12/2025,2025,Q4,12,FY2025 covers Jan 2025 to Dec 2025,19/05/2026,USD,No,1.0,16400000000.0,3886000000.0,2898000000.0,14565000000.0,16400.0,3886.0,2898.0,14565.0,258062.32,SEC_EDGAR,US_SEC_FIRST,GAAP,False,No,Derived,No,Yes,,,Source: Derived (FY - Q3_YTD) | §4 Conditional.,True,False
CMP-008,MRK,Merck & Co,NYSE,MRK,MRK,2024,FY,31/12/2024,2024,Q4,12,FY2024 covers Jan 2024 to Dec 2024,19/05/2026,USD,No,1.0,64168000000.0,17938000000.0,10816000000.0,13242000000.0,64168.0,17938.0,10816.0,13242.0,235054.99,SEC_EDGAR,US_SEC_FIRST,GAAP,False,No,Complete,No,No,,,Market_Cap approx: historical price x current shares.,False,False
CMP-008,MRK,Merck & Co,NYSE,MRK,MRK,2024,Q1,31/03/2024,2024,Q1,12,FY2024 covers Jan 2024 to Dec 2024,19/05/2026,USD,No,1.0,15775000000.0,3992000000.0,2483000000.0,5579000000.0,15775.0,3992.0,2483.0,5579.0,303195.59,SEC_EDGAR,US_SEC_FIRST,GAAP,False,No,Complete,No,No,,,Market_Cap approx: historical price x current shares.,False,False
CMP-008,MRK,Merck & Co,NYSE,MRK,MRK,2024,Q2,30/06/2024,2024,Q2,12,FY2024 covers Jan 2024 to Dec 2024,19/05/2026,USD,No,1.0,16112000000.0,3500000000.0,2738000000.0,11304000000.0,16112.0,3500.0,2738.0,11304.0,297814.43,SEC_EDGAR,US_SEC_FIRST,GAAP,False,No,Derived,No,Yes,,,Market_Cap approx: historical price x current shares. | [YTD->Discrete] Q2 was H1 cumulative from SEC XBRL. Corrected: Q2 = H1 - Q1 (Revenue/R&D/SGA).,True,False
CMP-008,MRK,Merck & Co,NYSE,MRK,MRK,2024,Q3,30/09/2024,2024,Q3,12,FY2024 covers Jan 2024 to Dec 2024,19/05/2026,USD,No,1.0,16657000000.0,5862000000.0,2731000000.0,14593000000.0,16657.0,5862.0,2731.0,14593.0,266192.91,SEC_EDGAR,US_SEC_FIRST,GAAP,False,No,Derived,No,Yes,,,Market_Cap approx: historical price x current shares. | [YTD->Discrete] Q3 was 9M cumulative from SEC XBRL. Corrected: Q3 = 9M - H1 (Revenue/R&D/SGA).,True,False
CMP-008,MRK,Merck & Co,NYSE,MRK,MRK,2024,Q4,31/12/2024,2024,Q4,12,FY2024 covers Jan 2024 to Dec 2024,19/05/2026,USD,No,1.0,15624000000.0,4584000000.0,2864000000.0,13242000000.0,15624.0,4584.0,2864.0,13242.0,235054.99,SEC_EDGAR,US_SEC_FIRST,GAAP,False,No,Derived,No,Yes,,,Source: Derived (FY - Q3_YTD) | §4 Conditional.,True,False
CMP-009,NOVO-B.CO,Novo Nordisk,NYSE,NVO,NOVO-B.CO,2026,Q1,31/03/2026,2026,Q1,12,FY2026 covers Jan 2026 to Dec 2026,19/05/2026,DKK,Yes,0.153363,96823000000.0,10284000000.0,12077000000.0,21127000000.0,14849.07,1577.19,1852.16,3240.1,775118.27,yfinance,US_SEC_FIRST,IFRS,False,No,Complete,No,No,,,"Market_Cap approx: historical price x current shares. | Missing expected periods this run: 2024:Q1,Q2,Q3. | [BATCH1_NOVO_RESOLVED] Novo Nordisk 2024 Q2/Q3 derived rows merged; cash definition corrected to cash and cash equivalents only; market caps use approximate external-reference values.",False,True
CMP-009,NOVO-B.CO,Novo Nordisk,NYSE,NVO,NOVO-B.CO,2025,FY,31/12/2025,2025,Q4,12,FY2025 covers Jan 2025 to Dec 2025,19/05/2026,DKK,Yes,0.157285,309064000000.0,52039000000.0,5969000000.0,26464000000.0,48611.13,8184.95,938.83,4162.39,1071668.51,SEC_EDGAR,US_SEC_FIRST,IFRS,False,No,Complete,No,No,,,"Market_Cap approx: historical price x current shares. | Missing expected periods this run: 2024:Q1,Q2,Q3. | [BATCH1_NOVO_RESOLVED] Novo Nordisk 2024 Q2/Q3 derived rows merged; cash definition corrected to cash and cash equivalents only; market caps use approximate external-reference values.",False,True
CMP-009,NOVO-B.CO,Novo Nordisk,NYSE,NVO,NOVO-B.CO,2025,Q1,31/03/2025,2025,Q1,12,FY2025 covers Jan 2025 to Dec 2025,19/05/2026,DKK,Yes,0.145074,78087000000.0,10308000000.0,14892000000.0,38938000000.0,11328.39,1495.42,2160.44,5648.89,1506893.68,yfinance,US_SEC_FIRST,IFRS,False,No,Complete,No,No,,,"Market_Cap approx: historical price x current shares. | Missing expected periods this run: 2024:Q1,Q2,Q3. | [BATCH1_NOVO_RESOLVED] Novo Nordisk 2024 Q2/Q3 derived rows merged; cash definition corrected to cash and cash equivalents only; market caps use approximate external-reference values.",False,True
CMP-009,NOVO-B.CO,Novo Nordisk,NYSE,NVO,NOVO-B.CO,2025,Q2,30/06/2025,2025,Q2,12,FY2025 covers Jan 2025 to Dec 2025,19/05/2026,DKK,Yes,0.157201,76857000000.0,11690000000.0,17533000000.0,18435000000.0,12082.0,1837.68,2756.21,2898.0,1410026.57,yfinance,US_SEC_FIRST,IFRS,False,No,Complete,No,No,,,"Market_Cap approx: historical price x current shares. | Missing expected periods this run: 2024:Q1,Q2,Q3. | [BATCH1_NOVO_RESOLVED] Novo Nordisk 2024 Q2/Q3 derived rows merged; cash definition corrected to cash and cash equivalents only; market caps use approximate external-reference values.",False,True
CMP-009,NOVO-B.CO,Novo Nordisk,NYSE,NVO,NOVO-B.CO,2025,Q3,30/09/2025,2025,Q3,12,FY2025 covers Jan 2025 to Dec 2025,19/05/2026,DKK,Yes,0.157174,74976000000.0,15393000000.0,15996000000.0,32084000000.0,11784.28,2419.38,2514.16,5042.77,1118396.8,yfinance,US_SEC_FIRST,IFRS,False,No,Complete,No,No,,,"Market_Cap approx: historical price x current shares. | Missing expected periods this run: 2024:Q1,Q2,Q3. | [BATCH1_NOVO_RESOLVED] Novo Nordisk 2024 Q2/Q3 derived rows merged; cash definition corrected to cash and cash equivalents only; market caps use approximate external-reference values.",False,True
CMP-009,NOVO-B.CO,Novo Nordisk,NYSE,NVO,NOVO-B.CO,2025,Q4,31/12/2025,2025,Q4,12,FY2025 covers Jan 2025 to Dec 2025,19/05/2026,DKK,Yes,0.157285,79144000000.0,14648000000.0,15889000000.0,26464000000.0,12448.16,2303.91,2499.1,4162.39,1071668.51,yfinance,US_SEC_FIRST,IFRS,False,No,Complete,No,No,,,"Market_Cap approx: historical price x current shares. | Missing expected periods this run: 2024:Q1,Q2,Q3. | [BATCH1_NOVO_RESOLVED] Novo Nordisk 2024 Q2/Q3 derived rows merged; cash definition corrected to cash and cash equivalents only; market caps use approximate external-reference values.",False,True
CMP-009,NOVO-B.CO,Novo Nordisk,NYSE,NVO,NOVO-B.CO,2024,FY,31/12/2024,2024,Q4,12,FY2024 covers Jan 2024 to Dec 2024,19/05/2026,DKK,Yes,0.139532,290403000000.0,48062000000.0,5276000000.0,15655000000.0,40520.51,6706.19,736.17,2184.37,2015284.5,SEC_EDGAR,US_SEC_FIRST,IFRS,False,No,Complete,No,No,,,"Market_Cap approx: historical price x current shares. | Missing expected periods this run: 2024:Q1,Q2,Q3. | [BATCH1_NOVO_RESOLVED] Novo Nordisk 2024 Q2/Q3 derived rows merged; cash definition corrected to cash and cash equivalents only; market caps use approximate external-reference values.",False,True
CMP-010,AMGN,Amgen Inc.,NASDAQ,AMGN,AMGN,2026,Q1,31/03/2026,2026,Q1,12,FY2026 covers Jan 2026 to Dec 2026,19/05/2026,USD,No,1.0,8618000000.0,1719000000.0,1602000000.0,12038000000.0,8618.0,1719.0,1602.0,12038.0,188574.99,SEC_EDGAR,US_SEC_FIRST,GAAP,False,No,Complete,No,No,,,Market_Cap approx: historical price x current shares.,False,False
CMP-010,AMGN,Amgen Inc.,NASDAQ,AMGN,AMGN,2025,FY,31/12/2025,2025,Q4,12,FY2025 covers Jan 2025 to Dec 2025,19/05/2026,USD,No,1.0,36751000000.0,7272000000.0,7050000000.0,9129000000.0,36751.0,7272.0,7050.0,9129.0,174215.52,SEC_EDGAR,US_SEC_FIRST,GAAP,False,No,Complete,No,No,,,Market_Cap approx: historical price x current shares.,False,False
CMP-010,AMGN,Amgen Inc.,NASDAQ,AMGN,AMGN,2025,Q1,31/03/2025,2025,Q1,12,FY2025 covers Jan 2025 to Dec 2025,19/05/2026,USD,No,1.0,8149000000.0,1486000000.0,1687000000.0,8810000000.0,8149.0,1486.0,1687.0,8810.0,161896.95,SEC_EDGAR,US_SEC_FIRST,GAAP,False,No,Complete,No,No,,,Market_Cap approx: historical price x current shares.,False,False
CMP-010,AMGN,Amgen Inc.,NASDAQ,AMGN,AMGN,2025,Q2,30/06/2025,2025,Q2,12,FY2025 covers Jan 2025 to Dec 2025,19/05/2026,USD,No,1.0,9179000000.0,1744000000.0,1691000000.0,8028000000.0,9179.0,1744.0,1691.0,8028.0,146373.7,SEC_EDGAR,US_SEC_FIRST,GAAP,False,No,Derived,No,Yes,,,Market_Cap approx: historical price x current shares. | [YTD->Discrete] Q2 was H1 cumulative from SEC XBRL. Corrected: Q2 = H1 - Q1 (Revenue/R&D/SGA).,True,False
CMP-010,AMGN,Amgen Inc.,NASDAQ,AMGN,AMGN,2025,Q3,30/09/2025,2025,Q3,12,FY2025 covers Jan 2025 to Dec 2025,19/05/2026,USD,No,1.0,9557000000.0,1900000000.0,1720000000.0,9445000000.0,9557.0,1900.0,1720.0,9445.0,149141.35,SEC_EDGAR,US_SEC_FIRST,GAAP,False,No,Derived,No,Yes,,,Market_Cap approx: historical price x current shares. | [YTD->Discrete] Q3 was 9M cumulative from SEC XBRL. Corrected: Q3 = 9M - H1 (Revenue/R&D/SGA).,True,False
CMP-010,AMGN,Amgen Inc.,NASDAQ,AMGN,AMGN,2025,Q4,31/12/2025,2025,Q4,12,FY2025 covers Jan 2025 to Dec 2025,19/05/2026,USD,No,1.0,9866000000.0,2142000000.0,1952000000.0,9129000000.0,9866.0,2142.0,1952.0,9129.0,174215.52,SEC_EDGAR,US_SEC_FIRST,GAAP,False,No,Derived,No,Yes,,,Source: Derived (FY - Q3_YTD) | §4 Conditional.,True,False
CMP-010,AMGN,Amgen Inc.,NASDAQ,AMGN,AMGN,2024,FY,31/12/2024,2024,Q4,12,FY2024 covers Jan 2024 to Dec 2024,19/05/2026,USD,No,1.0,33424000000.0,5964000000.0,7096000000.0,11973000000.0,33424.0,5964.0,7096.0,11973.0,134356.14,SEC_EDGAR,US_SEC_FIRST,GAAP,False,No,Complete,No,No,,,Market_Cap approx: historical price x current shares.,False,False
CMP-010,AMGN,Amgen Inc.,NASDAQ,AMGN,AMGN,2024,Q1,31/03/2024,2024,Q1,12,FY2024 covers Jan 2024 to Dec 2024,19/05/2026,USD,No,1.0,7447000000.0,1343000000.0,1808000000.0,9708000000.0,7447.0,1343.0,1808.0,9708.0,142730.84,SEC_EDGAR,US_SEC_FIRST,GAAP,False,No,Complete,No,No,,,Market_Cap approx: historical price x current shares.,False,False
CMP-010,AMGN,Amgen Inc.,NASDAQ,AMGN,AMGN,2024,Q2,30/06/2024,2024,Q2,12,FY2024 covers Jan 2024 to Dec 2024,19/05/2026,USD,No,1.0,8388000000.0,1447000000.0,1785000000.0,9301000000.0,8388.0,1447.0,1785.0,9301.0,157949.44,SEC_EDGAR,US_SEC_FIRST,GAAP,False,No,Derived,No,Yes,,,Market_Cap approx: historical price x current shares. | [YTD->Discrete] Q2 was H1 cumulative from SEC XBRL. Corrected: Q2 = H1 - Q1 (Revenue/R&D/SGA).,True,False
CMP-010,AMGN,Amgen Inc.,NASDAQ,AMGN,AMGN,2024,Q3,30/09/2024,2024,Q3,12,FY2024 covers Jan 2024 to Dec 2024,19/05/2026,USD,No,1.0,8503000000.0,1450000000.0,1625000000.0,9011000000.0,8503.0,1450.0,1625.0,9011.0,164776.88,SEC_EDGAR,US_SEC_FIRST,GAAP,False,No,Derived,No,Yes,,,Market_Cap approx: historical price x current shares. | [YTD->Discrete] Q3 was 9M cumulative from SEC XBRL. Corrected: Q3 = 9M - H1 (Revenue/R&D/SGA).,True,False
CMP-010,AMGN,Amgen Inc.,NASDAQ,AMGN,AMGN,2024,Q4,31/12/2024,2024,Q4,12,FY2024 covers Jan 2024 to Dec 2024,19/05/2026,USD,No,1.0,9086000000.0,1724000000.0,1878000000.0,11973000000.0,9086.0,1724.0,1878.0,11973.0,134356.14,SEC_EDGAR,US_SEC_FIRST,GAAP,False,No,Derived,No,Yes,,,Source: Derived (FY - Q3_YTD) | §4 Conditional.,True,False
CMP-011,GILD,Gilead Sciences,NASDAQ,GILD,GILD,2026,Q1,31/03/2026,2026,Q1,12,FY2026 covers Jan 2026 to Dec 2026,19/05/2026,USD,No,1.0,6960000000.0,1372000000.0,1451000000.0,7628000000.0,6960.0,1372.0,1451.0,7628.0,173037.59,SEC_EDGAR,US_SEC_FIRST,GAAP,False,No,Complete,No,No,,,Market_Cap approx: historical price x current shares.,False,False
CMP-011,GILD,Gilead Sciences,NASDAQ,GILD,GILD,2025,FY,31/12/2025,2025,Q4,12,FY2025 covers Jan 2025 to Dec 2025,19/05/2026,USD,No,1.0,29443000000.0,5799000000.0,5774000000.0,7564000000.0,29443.0,5799.0,5774.0,7564.0,151529.73,SEC_EDGAR,US_SEC_FIRST,GAAP,False,No,Complete,No,No,,,Market_Cap approx: historical price x current shares.,False,False
CMP-011,GILD,Gilead Sciences,NASDAQ,GILD,GILD,2025,Q1,31/03/2025,2025,Q1,12,FY2025 covers Jan 2025 to Dec 2025,19/05/2026,USD,No,1.0,6667000000.0,1379000000.0,1258000000.0,7926000000.0,6667.0,1379.0,1258.0,7926.0,135514.67,SEC_EDGAR,US_SEC_FIRST,GAAP,False,No,Complete,No,No,,,Market_Cap approx: historical price x current shares.,False,False
CMP-011,GILD,Gilead Sciences,NASDAQ,GILD,GILD,2025,Q2,30/06/2025,2025,Q2,12,FY2025 covers Jan 2025 to Dec 2025,19/05/2026,USD,No,1.0,7082000000.0,1491000000.0,1365000000.0,5144000000.0,7082.0,1491.0,1365.0,5144.0,135039.66,SEC_EDGAR,US_SEC_FIRST,GAAP,False,No,Derived,No,Yes,,,Market_Cap approx: historical price x current shares. | [YTD->Discrete] Q2 was H1 cumulative from SEC XBRL. Corrected: Q2 = H1 - Q1 (Revenue/R&D/SGA).,True,False
CMP-011,GILD,Gilead Sciences,NASDAQ,GILD,GILD,2025,Q3,30/09/2025,2025,Q3,12,FY2025 covers Jan 2025 to Dec 2025,19/05/2026,USD,No,1.0,7769000000.0,1345000000.0,1357000000.0,7330000000.0,7769.0,1345.0,1357.0,7330.0,136136.86,SEC_EDGAR,US_SEC_FIRST,GAAP,False,No,Derived,No,Yes,,,Market_Cap approx: historical price x current shares. | [YTD->Discrete] Q3 was 9M cumulative from SEC XBRL. Corrected: Q3 = 9M - H1 (Revenue/R&D/SGA).,True,False
CMP-011,GILD,Gilead Sciences,NASDAQ,GILD,GILD,2025,Q4,31/12/2025,2025,Q4,12,FY2025 covers Jan 2025 to Dec 2025,19/05/2026,USD,No,1.0,7925000000.0,1584000000.0,1794000000.0,7564000000.0,7925.0,1584.0,1794.0,7564.0,151529.73,SEC_EDGAR,US_SEC_FIRST,GAAP,False,No,Derived,No,Yes,,,Source: Derived (FY - Q3_YTD) | §4 Conditional.,True,False
CMP-011,GILD,Gilead Sciences,NASDAQ,GILD,GILD,2024,FY,31/12/2024,2024,Q4,12,FY2024 covers Jan 2024 to Dec 2024,19/05/2026,USD,No,1.0,28754000000.0,5907000000.0,6091000000.0,9991000000.0,28754.0,5907.0,6091.0,9991.0,110934.84,SEC_EDGAR,US_SEC_FIRST,GAAP,False,No,Complete,No,No,,,Market_Cap approx: historical price x current shares.,False,False
CMP-011,GILD,Gilead Sciences,NASDAQ,GILD,GILD,2024,Q1,31/03/2024,2024,Q1,12,FY2024 covers Jan 2024 to Dec 2024,19/05/2026,USD,No,1.0,6686000000.0,1520000000.0,1375000000.0,4718000000.0,6686.0,1520.0,1375.0,4718.0,84952.64,SEC_EDGAR,US_SEC_FIRST,GAAP,False,No,Complete,No,No,,,Market_Cap approx: historical price x current shares.,False,False
CMP-011,GILD,Gilead Sciences,NASDAQ,GILD,GILD,2024,Q2,30/06/2024,2024,Q2,12,FY2024 covers Jan 2024 to Dec 2024,19/05/2026,USD,No,1.0,6954000000.0,1351000000.0,1377000000.0,2772000000.0,6954.0,1351.0,1377.0,2772.0,80991.44,SEC_EDGAR,US_SEC_FIRST,GAAP,False,No,Derived,No,Yes,,,Market_Cap approx: historical price x current shares. | [YTD->Discrete] Q2 was H1 cumulative from SEC XBRL. Corrected: Q2 = H1 - Q1 (Revenue/R&D/SGA).,True,False
CMP-011,GILD,Gilead Sciences,NASDAQ,GILD,GILD,2024,Q3,30/09/2024,2024,Q3,12,FY2024 covers Jan 2024 to Dec 2024,19/05/2026,USD,No,1.0,7545000000.0,1395000000.0,1432000000.0,5037000000.0,7545.0,1395.0,1432.0,5037.0,99851.17,SEC_EDGAR,US_SEC_FIRST,GAAP,False,No,Derived,No,Yes,,,Market_Cap approx: historical price x current shares. | [YTD->Discrete] Q3 was 9M cumulative from SEC XBRL. Corrected: Q3 = 9M - H1 (Revenue/R&D/SGA).,True,False
CMP-011,GILD,Gilead Sciences,NASDAQ,GILD,GILD,2024,Q4,31/12/2024,2024,Q4,12,FY2024 covers Jan 2024 to Dec 2024,19/05/2026,USD,No,1.0,7569000000.0,1641000000.0,1907000000.0,9991000000.0,7569.0,1641.0,1907.0,9991.0,110934.84,SEC_EDGAR,US_SEC_FIRST,GAAP,False,No,Derived,No,Yes,,,Source: Derived (FY - Q3_YTD) | §4 Conditional.,True,False
CMP-012,PFE,Pfizer,NYSE,PFE,PFE,2026,Q1,29/03/2026,2026,Q1,12,FY2026 covers Jan 2026 to Dec 2026,19/05/2026,USD,No,1.0,14451000000.0,2490000000.0,2961000000.0,1703000000.0,14451.0,2490.0,2961.0,1703.0,155703.41,SEC_EDGAR,US_SEC_FIRST,GAAP,False,No,Complete,No,No,,,Market_Cap approx: historical price x current shares.,False,False
CMP-012,PFE,Pfizer,NYSE,PFE,PFE,2025,FY,31/12/2025,2025,Q4,12,FY2025 covers Jan 2025 to Dec 2025,19/05/2026,USD,No,1.0,62579000000.0,10437000000.0,13794000000.0,1142000000.0,62579.0,10437.0,13794.0,1142.0,137311.51,SEC_EDGAR,US_SEC_FIRST,GAAP,False,No,Complete,No,No,,,Market_Cap approx: historical price x current shares.,False,False
CMP-012,PFE,Pfizer,NYSE,PFE,PFE,2025,Q1,30/03/2025,2025,Q1,12,FY2025 covers Jan 2025 to Dec 2025,19/05/2026,USD,No,1.0,13715000000.0,2203000000.0,3031000000.0,1430000000.0,13715.0,2203.0,3031.0,1430.0,132463.57,SEC_EDGAR,US_SEC_FIRST,GAAP,False,No,Complete,No,No,,,Market_Cap approx: historical price x current shares.,False,False
CMP-012,PFE,Pfizer,NYSE,PFE,PFE,2025,Q2,29/06/2025,2025,Q2,12,FY2025 covers Jan 2025 to Dec 2025,19/05/2026,USD,No,1.0,14652000000.0,2482000000.0,3415000000.0,1638000000.0,14652.0,2482.0,3415.0,1638.0,129130.71,SEC_EDGAR,US_SEC_FIRST,GAAP,False,No,Derived,No,Yes,,,Market_Cap approx: historical price x current shares. | [YTD->Discrete] Q2 was H1 cumulative from SEC XBRL. Corrected: Q2 = H1 - Q1 (Revenue/R&D/SGA).,True,False
CMP-012,PFE,Pfizer,NYSE,PFE,PFE,2025,Q3,28/09/2025,2025,Q3,12,FY2025 covers Jan 2025 to Dec 2025,19/05/2026,USD,No,1.0,16655000000.0,2546000000.0,3186000000.0,1343000000.0,16655.0,2546.0,3186.0,1343.0,129245.45,SEC_EDGAR,US_SEC_FIRST,GAAP,False,No,Derived,No,Yes,,,Market_Cap approx: historical price x current shares. | [YTD->Discrete] Q3 was 9M cumulative from SEC XBRL. Corrected: Q3 = 9M - H1 (Revenue/R&D/SGA).,True,False
CMP-012,PFE,Pfizer,NYSE,PFE,PFE,2025,Q4,31/12/2025,2025,Q4,12,FY2025 covers Jan 2025 to Dec 2025,19/05/2026,USD,No,1.0,17557000000.0,3206000000.0,4162000000.0,1142000000.0,17557.0,3206.0,4162.0,1142.0,137311.51,SEC_EDGAR,US_SEC_FIRST,GAAP,False,No,Derived,No,Yes,,,Source: Derived (FY - Q3_YTD) | §4 Conditional.,True,False
CMP-012,PFE,Pfizer,NYSE,PFE,PFE,2024,FY,31/12/2024,2024,Q4,12,FY2024 covers Jan 2024 to Dec 2024,19/05/2026,USD,No,1.0,63627000000.0,10822000000.0,14730000000.0,1043000000.0,63627.0,10822.0,14730.0,1043.0,136428.79,SEC_EDGAR,US_SEC_FIRST,GAAP,False,No,Complete,No,No,,,Market_Cap approx: historical price x current shares.,False,False
CMP-012,PFE,Pfizer,NYSE,PFE,PFE,2024,Q1,31/03/2024,2024,Q1,12,FY2024 covers Jan 2024 to Dec 2024,19/05/2026,USD,No,1.0,14879000000.0,2493000000.0,3495000000.0,719000000.0,14879.0,2493.0,3495.0,719.0,136358.19,SEC_EDGAR,US_SEC_FIRST,GAAP,False,No,Complete,No,No,,,Market_Cap approx: historical price x current shares.,False,False
CMP-012,PFE,Pfizer,NYSE,PFE,PFE,2024,Q2,30/06/2024,2024,Q2,12,FY2024 covers Jan 2024 to Dec 2024,19/05/2026,USD,No,1.0,13283000000.0,2696000000.0,3717000000.0,1052000000.0,13283.0,2696.0,3717.0,1052.0,140911.23,SEC_EDGAR,US_SEC_FIRST,GAAP,False,No,Derived,No,Yes,,,Market_Cap approx: historical price x current shares. | [YTD->Discrete] Q2 was H1 cumulative from SEC XBRL. Corrected: Q2 = H1 - Q1 (Revenue/R&D/SGA).,True,False
CMP-012,PFE,Pfizer,NYSE,PFE,PFE,2024,Q3,29/09/2024,2024,Q3,12,FY2024 covers Jan 2024 to Dec 2024,19/05/2026,USD,No,1.0,17702000000.0,2598000000.0,3244000000.0,1092000000.0,17702.0,2598.0,3244.0,1092.0,146545.83,SEC_EDGAR,US_SEC_FIRST,GAAP,False,No,Derived,No,Yes,,,Market_Cap approx: historical price x current shares. | [YTD->Discrete] Q3 was 9M cumulative from SEC XBRL. Corrected: Q3 = 9M - H1 (Revenue/R&D/SGA).,True,False
CMP-012,PFE,Pfizer,NYSE,PFE,PFE,2024,Q4,31/12/2024,2024,Q4,12,FY2024 covers Jan 2024 to Dec 2024,19/05/2026,USD,No,1.0,17763000000.0,3035000000.0,4274000000.0,1043000000.0,17763.0,3035.0,4274.0,1043.0,136428.79,SEC_EDGAR,US_SEC_FIRST,GAAP,False,No,Derived,No,Yes,,,Source: Derived (FY - Q3_YTD) | §4 Conditional.,True,False
CMP-013,BMY,Bristol Myers Squibb,NYSE,BMY,BMY,2026,Q1,31/03/2026,2026,Q1,12,FY2026 covers Jan 2026 to Dec 2026,19/05/2026,USD,No,1.0,11489000000.0,2649000000.0,1617000000.0,9574000000.0,11489.0,2649.0,1617.0,9574.0,122587.63,SEC_EDGAR,US_SEC_FIRST,GAAP,False,No,Complete,No,No,,,Market_Cap approx: historical price x current shares.,False,False
CMP-013,BMY,Bristol Myers Squibb,NYSE,BMY,BMY,2025,FY,31/12/2025,2025,Q4,12,FY2025 covers Jan 2025 to Dec 2025,19/05/2026,USD,No,1.0,48194000000.0,9951000000.0,7267000000.0,10209000000.0,48194.0,9951.0,7267.0,10209.0,107751.79,SEC_EDGAR,US_SEC_FIRST,GAAP,False,No,Complete,No,No,,,Market_Cap approx: historical price x current shares.,False,False
CMP-013,BMY,Bristol Myers Squibb,NYSE,BMY,BMY,2025,Q1,31/03/2025,2025,Q1,12,FY2025 covers Jan 2025 to Dec 2025,19/05/2026,USD,No,1.0,11201000000.0,2257000000.0,1584000000.0,10875000000.0,11201.0,2257.0,1584.0,10875.0,117346.86,SEC_EDGAR,US_SEC_FIRST,GAAP,False,No,Complete,No,No,,,Market_Cap approx: historical price x current shares.,False,False
CMP-013,BMY,Bristol Myers Squibb,NYSE,BMY,BMY,2025,Q2,30/06/2025,2025,Q2,12,FY2025 covers Jan 2025 to Dec 2025,19/05/2026,USD,No,1.0,12269000000.0,2580000000.0,1713000000.0,12599000000.0,12269.0,2580.0,1713.0,12599.0,90028.92,SEC_EDGAR,US_SEC_FIRST,GAAP,False,No,Derived,No,Yes,,,Market_Cap approx: historical price x current shares. | [YTD->Discrete] Q2 was H1 cumulative from SEC XBRL. Corrected: Q2 = H1 - Q1 (Revenue/R&D/SGA).,True,False
CMP-013,BMY,Bristol Myers Squibb,NYSE,BMY,BMY,2025,Q3,30/09/2025,2025,Q3,12,FY2025 covers Jan 2025 to Dec 2025,19/05/2026,USD,No,1.0,12222000000.0,2528000000.0,1789000000.0,15726000000.0,12222.0,2528.0,1789.0,15726.0,88871.34,SEC_EDGAR,US_SEC_FIRST,GAAP,False,No,Derived,No,Yes,,,Market_Cap approx: historical price x current shares. | [YTD->Discrete] Q3 was 9M cumulative from SEC XBRL. Corrected: Q3 = 9M - H1 (Revenue/R&D/SGA).,True,False
CMP-013,BMY,Bristol Myers Squibb,NYSE,BMY,BMY,2025,Q4,31/12/2025,2025,Q4,12,FY2025 covers Jan 2025 to Dec 2025,19/05/2026,USD,No,1.0,12502000000.0,2586000000.0,2181000000.0,10209000000.0,12502.0,2586.0,2181.0,10209.0,107751.79,SEC_EDGAR,US_SEC_FIRST,GAAP,False,No,Derived,No,Yes,,,Source: Derived (FY - Q3_YTD) | §4 Conditional.,True,False
CMP-013,BMY,Bristol Myers Squibb,NYSE,BMY,BMY,2024,FY,31/12/2024,2024,Q4,12,FY2024 covers Jan 2024 to Dec 2024,19/05/2026,USD,No,1.0,48300000000.0,11159000000.0,8414000000.0,10346000000.0,48300.0,11159.0,8414.0,10346.0,107635.31,SEC_EDGAR,US_SEC_FIRST,GAAP,False,No,Complete,No,No,,,Market_Cap approx: historical price x current shares.,False,False
CMP-013,BMY,Bristol Myers Squibb,NYSE,BMY,BMY,2024,Q1,31/03/2024,2024,Q1,12,FY2024 covers Jan 2024 to Dec 2024,19/05/2026,USD,No,1.0,11865000000.0,2695000000.0,2367000000.0,9330000000.0,11865.0,2695.0,2367.0,9330.0,97102.01,SEC_EDGAR,US_SEC_FIRST,GAAP,False,No,Complete,No,No,,,Market_Cap approx: historical price x current shares.,False,False
CMP-013,BMY,Bristol Myers Squibb,NYSE,BMY,BMY,2024,Q2,30/06/2024,2024,Q2,12,FY2024 covers Jan 2024 to Dec 2024,19/05/2026,USD,No,1.0,12201000000.0,2899000000.0,1928000000.0,6293000000.0,12201.0,2899.0,1928.0,6293.0,76560.91,SEC_EDGAR,US_SEC_FIRST,GAAP,False,No,Derived,No,Yes,,,Market_Cap approx: historical price x current shares. | [YTD->Discrete] Q2 was H1 cumulative from SEC XBRL. Corrected: Q2 = H1 - Q1 (Revenue/R&D/SGA).,True,False
CMP-013,BMY,Bristol Myers Squibb,NYSE,BMY,BMY,2024,Q3,30/09/2024,2024,Q3,12,FY2024 covers Jan 2024 to Dec 2024,19/05/2026,USD,No,1.0,11892000000.0,2374000000.0,1983000000.0,7890000000.0,11892.0,2374.0,1983.0,7890.0,97372.71,SEC_EDGAR,US_SEC_FIRST,GAAP,False,No,Derived,No,Yes,,,Market_Cap approx: historical price x current shares. | [YTD->Discrete] Q3 was 9M cumulative from SEC XBRL. Corrected: Q3 = 9M - H1 (Revenue/R&D/SGA).,True,False
CMP-013,BMY,Bristol Myers Squibb,NYSE,BMY,BMY,2024,Q4,31/12/2024,2024,Q4,12,FY2024 covers Jan 2024 to Dec 2024,19/05/2026,USD,No,1.0,12342000000.0,3191000000.0,2136000000.0,10346000000.0,12342.0,3191.0,2136.0,10346.0,107635.31,SEC_EDGAR,US_SEC_FIRST,GAAP,False,No,Derived,No,Yes,,,Source: Derived (FY - Q3_YTD) | §4 Conditional.,True,False
CMP-014,VRTX,Vertex Pharmaceuticals,NASDAQ,VRTX,VRTX,2026,Q1,31/03/2026,2026,Q1,12,FY2026 covers Jan 2026 to Dec 2026,19/05/2026,USD,No,1.0,2986900000.0,961600000.0,493700000.0,5492900000.0,2986.9,961.6,493.7,5492.9,113334.27,SEC_EDGAR,US_SEC_FIRST,GAAP,False,No,Complete,No,No,,,Market_Cap approx: historical price x current shares.,False,False
CMP-014,VRTX,Vertex Pharmaceuticals,NASDAQ,VRTX,VRTX,2025,FY,31/12/2025,2025,Q4,12,FY2025 covers Jan 2025 to Dec 2025,19/05/2026,USD,No,1.0,12001300000.0,3909500000.0,1753100000.0,5084800000.0,12001.3,3909.5,1753.1,5084.8,115065.22,SEC_EDGAR,US_SEC_FIRST,GAAP,False,No,Complete,No,No,,,Market_Cap approx: historical price x current shares.,False,False
CMP-014,VRTX,Vertex Pharmaceuticals,NASDAQ,VRTX,VRTX,2025,Q1,31/03/2025,2025,Q1,12,FY2025 covers Jan 2025 to Dec 2025,19/05/2026,USD,No,1.0,2770200000.0,979700000.0,396400000.0,4674700000.0,2770.2,979.7,396.4,4674.7,123049.94,SEC_EDGAR,US_SEC_FIRST,GAAP,False,No,Complete,No,No,,,Market_Cap approx: historical price x current shares.,False,False
CMP-014,VRTX,Vertex Pharmaceuticals,NASDAQ,VRTX,VRTX,2025,Q2,30/06/2025,2025,Q2,12,FY2025 covers Jan 2025 to Dec 2025,19/05/2026,USD,No,1.0,2964700000.0,978400000.0,424600000.0,4972200000.0,2964.7,978.4,424.6,4972.2,112994.17,SEC_EDGAR,US_SEC_FIRST,GAAP,False,No,Derived,No,Yes,,,Market_Cap approx: historical price x current shares. | [YTD->Discrete] Q2 was H1 cumulative from SEC XBRL. Corrected: Q2 = H1 - Q1 (Revenue/R&D/SGA).,True,False
CMP-014,VRTX,Vertex Pharmaceuticals,NASDAQ,VRTX,VRTX,2025,Q3,30/09/2025,2025,Q3,12,FY2025 covers Jan 2025 to Dec 2025,19/05/2026,USD,No,1.0,3076400000.0,977700000.0,445100000.0,4939600000.0,3076.4,977.7,445.1,4939.6,99400.36,SEC_EDGAR,US_SEC_FIRST,GAAP,False,No,Derived,No,Yes,,,Market_Cap approx: historical price x current shares. | [YTD->Discrete] Q3 was 9M cumulative from SEC XBRL. Corrected: Q3 = 9M - H1 (Revenue/R&D/SGA).,True,False
CMP-014,VRTX,Vertex Pharmaceuticals,NASDAQ,VRTX,VRTX,2025,Q4,31/12/2025,2025,Q4,12,FY2025 covers Jan 2025 to Dec 2025,19/05/2026,USD,No,1.0,3190000000.0,973700000.0,487000000.0,5084800000.0,3190.0,973.7,487.0,5084.8,115065.22,SEC_EDGAR,US_SEC_FIRST,GAAP,False,No,Derived,No,Yes,,,Source: Derived (FY - Q3_YTD) | §4 Conditional.,True,False
CMP-014,VRTX,Vertex Pharmaceuticals,NASDAQ,VRTX,VRTX,2024,FY,31/12/2024,2024,Q4,12,FY2024 covers Jan 2024 to Dec 2024,19/05/2026,USD,No,1.0,11020100000.0,3630300000.0,1464300000.0,4569600000.0,11020.1,3630.3,1464.3,4569.6,102207.44,SEC_EDGAR,US_SEC_FIRST,GAAP,False,No,Complete,No,No,,,Market_Cap approx: historical price x current shares.,False,False
CMP-014,VRTX,Vertex Pharmaceuticals,NASDAQ,VRTX,VRTX,2024,Q1,31/03/2024,2024,Q1,12,FY2024 covers Jan 2024 to Dec 2024,19/05/2026,USD,No,1.0,2690600000.0,789100000.0,342700000.0,9158000000.0,2690.6,789.1,342.7,9158.0,106720.1,SEC_EDGAR,US_SEC_FIRST,GAAP,False,No,Complete,No,No,,,Market_Cap approx: historical price x current shares.,False,False
CMP-014,VRTX,Vertex Pharmaceuticals,NASDAQ,VRTX,VRTX,2024,Q2,30/06/2024,2024,Q2,12,FY2024 covers Jan 2024 to Dec 2024,19/05/2026,USD,No,1.0,2645600000.0,966600000.0,372200000.0,4580100000.0,2645.6,966.6,372.2,4580.1,119605.8,SEC_EDGAR,US_SEC_FIRST,GAAP,False,No,Derived,No,Yes,,,Market_Cap approx: historical price x current shares. | [YTD->Discrete] Q2 was H1 cumulative from SEC XBRL. Corrected: Q2 = H1 - Q1 (Revenue/R&D/SGA).,True,False
CMP-014,VRTX,Vertex Pharmaceuticals,NASDAQ,VRTX,VRTX,2024,Q3,30/09/2024,2024,Q3,12,FY2024 covers Jan 2024 to Dec 2024,19/05/2026,USD,No,1.0,2771900000.0,875900000.0,371800000.0,5239200000.0,2771.9,875.9,371.8,5239.2,118039.82,SEC_EDGAR,US_SEC_FIRST,GAAP,False,No,Derived,No,Yes,,,Market_Cap approx: historical price x current shares. | [YTD->Discrete] Q3 was 9M cumulative from SEC XBRL. Corrected: Q3 = 9M - H1 (Revenue/R&D/SGA).,True,False
CMP-014,VRTX,Vertex Pharmaceuticals,NASDAQ,VRTX,VRTX,2024,Q4,31/12/2024,2024,Q4,12,FY2024 covers Jan 2024 to Dec 2024,19/05/2026,USD,No,1.0,2912000000.0,998700000.0,377600000.0,4569600000.0,2912.0,998.7,377.6,4569.6,102207.44,SEC_EDGAR,US_SEC_FIRST,GAAP,False,No,Derived,No,Yes,,,Source: Derived (FY - Q3_YTD) | §4 Conditional.,True,False
CMP-015,SNY,Sanofi,NASDAQ,SNY,SNY,2026,Q1,31/03/2026,2026,Q1,12,FY2026 covers Jan 2026 to Dec 2026,19/05/2026,EUR,Yes,1.146,11244000000.0,1747000000.0,167000000.0,5544000000.0,12885.62,2002.06,191.38,6353.42,109367.59,yfinance,ADR_FPI,IFRS,False,No,Complete,No,No,,,"Market_Cap approx: historical price x current shares. | Missing expected periods this run: 2024:Q1,Q3.",False,True
CMP-015,SNY,Sanofi,NASDAQ,SNY,SNY,2025,FY,31/12/2025,2025,Q4,12,FY2025 covers Jan 2025 to Dec 2025,19/05/2026,EUR,Yes,1.174729,43626000000.0,7842000000.0,9543000000.0,7657000000.0,51248.73,9212.22,11210.44,8994.9,110003.18,SEC_EDGAR,ADR_FPI,IFRS,False,No,Complete,No,No,,,"Market_Cap approx: historical price x current shares. | Missing expected periods this run: 2024:Q1,Q3.",False,True
CMP-015,SNY,Sanofi,NASDAQ,SNY,SNY,2025,Q1,31/03/2025,2025,Q1,12,FY2025 covers Jan 2025 to Dec 2025,19/05/2026,EUR,Yes,1.082392,10606000000.0,1808000000.0,169000000.0,7991000000.0,11479.85,1956.96,182.92,8649.39,120551.09,yfinance,ADR_FPI,IFRS,False,No,Complete,No,No,,,"Market_Cap approx: historical price x current shares. | Missing expected periods this run: 2024:Q1,Q3.",False,True
CMP-015,SNY,Sanofi,NASDAQ,SNY,SNY,2025,Q2,30/06/2025,2025,Q2,12,FY2025 covers Jan 2025 to Dec 2025,19/05/2026,EUR,Yes,1.172745,10735000000.0,1909000000.0,6031000000.0,15359000000.0,12589.42,2238.77,7072.83,18012.19,109662.68,yfinance,ADR_FPI,IFRS,False,No,Complete,No,No,,,"Market_Cap approx: historical price x current shares. | Missing expected periods this run: 2024:Q1,Q3.",False,True
CMP-015,SNY,Sanofi,NASDAQ,SNY,SNY,2025,Q3,30/09/2025,2025,Q3,12,FY2025 covers Jan 2025 to Dec 2025,19/05/2026,EUR,Yes,1.173144,13170000000.0,1834000000.0,5973000000.0,8906000000.0,15450.31,2151.55,7007.19,10448.02,107143.01,yfinance,ADR_FPI,IFRS,False,No,Complete,No,No,,,"Market_Cap approx: historical price x current shares. | Missing expected periods this run: 2024:Q1,Q3.",False,True
CMP-015,SNY,Sanofi,NASDAQ,SNY,SNY,2025,Q4,31/12/2025,2025,Q4,12,FY2025 covers Jan 2025 to Dec 2025,19/05/2026,EUR,Yes,1.174729,12205000000.0,2291000000.0,6819000000.0,7657000000.0,14337.57,2691.3,8010.48,8994.9,110003.18,yfinance,ADR_FPI,IFRS,False,No,Complete,No,No,,,"Market_Cap approx: historical price x current shares. | Missing expected periods this run: 2024:Q1,Q3.",False,True
CMP-015,SNY,Sanofi,NASDAQ,SNY,SNY,2024,FY,31/12/2024,2024,Q4,12,FY2024 covers Jan 2024 to Dec 2024,19/05/2026,EUR,Yes,1.040615,41081000000.0,7394000000.0,9183000000.0,7441000000.0,42749.5,7694.31,9555.97,7743.22,104835.54,SEC_EDGAR,ADR_FPI,IFRS,False,No,Complete,No,No,,,"Market_Cap approx: historical price x current shares. | Missing expected periods this run: 2024:Q1,Q3.",False,True
CMP-015,SNY,Sanofi,NASDAQ,SNY,SNY,2024,Q2,30/06/2024,2024,Q2,12,FY2024 covers Jan 2024 to Dec 2024,19/05/2026,EUR,Yes,1.073526,21209000000.0,3423000000.0,5260000000.0,6795000000.0,22768.41,3674.68,5646.75,7294.61,107791.72,SEC_EDGAR,ADR_FPI,IFRS,False,No,Complete,No,No,,,"Market_Cap approx: historical price x current shares. | Missing expected periods this run: 2024:Q1,Q3.",False,True
CMP-015,SNY,Sanofi,NASDAQ,SNY,SNY,2024,Q4,31/12/2024,2024,Q4,12,FY2024 covers Jan 2024 to Dec 2024,17/05/2026,EUR,Yes,1.040615,10564000000.0,2300000000.0,2648000000.0,1270000000.0,10993.06,2393.41,2755.55,1321.58,104835.54,Manual_PDF,ADR_FPI,IFRS,False,No,Complete,No,No,,,"[PDF_VERIFIED] Sourced standalone Q4 2024 financials manually from company Q4 press release (Feb 2025). | Revenue missing for Q4 2024; detail fields exist. Verify source label or add manual revenue fallback. | Market_Cap approx: historical price x current shares. | [GAP_SYNC] Synced from Company_Year_Gap_Flags.csv: Missing_Periods=Q1,Q3.",False,True
CMP-016,REGN,Regeneron Pharmaceuticals,NASDAQ,REGN,REGN,2026,Q1,31/03/2026,2026,Q1,12,FY2026 covers Jan 2026 to Dec 2026,19/05/2026,USD,No,1.0,3605400000.0,1543500000.0,647700000.0,2962600000.0,3605.4,1543.5,647.7,2962.6,79598.83,SEC_EDGAR,US_SEC_FIRST,GAAP,False,No,Complete,No,No,,,Market_Cap approx: historical price x current shares.,False,False
CMP-016,REGN,Regeneron Pharmaceuticals,NASDAQ,REGN,REGN,2025,FY,31/12/2025,2025,Q4,12,FY2025 covers Jan 2025 to Dec 2025,19/05/2026,USD,No,1.0,14342900000.0,5850200000.0,2700000000.0,3118100000.0,14342.9,5850.2,2700.0,3118.1,79423.96,SEC_EDGAR,US_SEC_FIRST,GAAP,False,No,Complete,No,No,,,Market_Cap approx: historical price x current shares.,False,False
CMP-016,REGN,Regeneron Pharmaceuticals,NASDAQ,REGN,REGN,2025,Q1,31/03/2025,2025,Q1,12,FY2025 covers Jan 2025 to Dec 2025,19/05/2026,USD,No,1.0,3028700000.0,1327400000.0,633000000.0,3090200000.0,3028.7,1327.4,633.0,3090.2,64984.52,SEC_EDGAR,US_SEC_FIRST,GAAP,False,No,Complete,No,No,,,Market_Cap approx: historical price x current shares.,False,False
CMP-016,REGN,Regeneron Pharmaceuticals,NASDAQ,REGN,REGN,2025,Q2,30/06/2025,2025,Q2,12,FY2025 covers Jan 2025 to Dec 2025,19/05/2026,USD,No,1.0,3675600000.0,1421700000.0,634200000.0,1995800000.0,3675.6,1421.7,634.2,1995.8,53872.06,SEC_EDGAR,US_SEC_FIRST,GAAP,False,No,Derived,No,Yes,,,Market_Cap approx: historical price x current shares. | [YTD->Discrete] Q2 was H1 cumulative from SEC XBRL. Corrected: Q2 = H1 - Q1 (Revenue/R&D/SGA).,True,False
CMP-016,REGN,Regeneron Pharmaceuticals,NASDAQ,REGN,REGN,2025,Q3,30/09/2025,2025,Q3,12,FY2025 covers Jan 2025 to Dec 2025,19/05/2026,USD,No,1.0,3754300000.0,1475000000.0,657800000.0,2506400000.0,3754.3,1475.0,657.8,2506.4,57784.07,SEC_EDGAR,US_SEC_FIRST,GAAP,False,No,Derived,No,Yes,,,Market_Cap approx: historical price x current shares. | [YTD->Discrete] Q3 was 9M cumulative from SEC XBRL. Corrected: Q3 = 9M - H1 (Revenue/R&D/SGA).,True,False
CMP-016,REGN,Regeneron Pharmaceuticals,NASDAQ,REGN,REGN,2025,Q4,31/12/2025,2025,Q4,12,FY2025 covers Jan 2025 to Dec 2025,19/05/2026,USD,No,1.0,3884300000.0,1626100000.0,775000000.0,3118100000.0,3884.3,1626.1,775.0,3118.1,79423.96,SEC_EDGAR,US_SEC_FIRST,GAAP,False,No,Derived,No,Yes,,,Source: Derived (FY - Q3_YTD) | §4 Conditional.,True,False
CMP-016,REGN,Regeneron Pharmaceuticals,NASDAQ,REGN,REGN,2024,FY,31/12/2024,2024,Q4,12,FY2024 covers Jan 2024 to Dec 2024,19/05/2026,USD,No,1.0,14202000000.0,5132000000.0,2954400000.0,2488200000.0,14202.0,5132.0,2954.4,2488.2,72893.13,SEC_EDGAR,US_SEC_FIRST,GAAP,False,No,Complete,No,No,,,Market_Cap approx: historical price x current shares.,False,False
CMP-016,REGN,Regeneron Pharmaceuticals,NASDAQ,REGN,REGN,2024,Q1,31/03/2024,2024,Q1,12,FY2024 covers Jan 2024 to Dec 2024,19/05/2026,USD,No,1.0,3145000000.0,1248400000.0,689000000.0,2602000000.0,3145.0,1248.4,689.0,2602.0,99190.05,SEC_EDGAR,US_SEC_FIRST,GAAP,False,No,Complete,No,No,,,Market_Cap approx: historical price x current shares.,False,False
CMP-016,REGN,Regeneron Pharmaceuticals,NASDAQ,REGN,REGN,2024,Q2,30/06/2024,2024,Q2,12,FY2024 covers Jan 2024 to Dec 2024,19/05/2026,USD,No,1.0,3547100000.0,1200000000.0,758800000.0,1920700000.0,3547.1,1200.0,758.8,1920.7,108165.46,SEC_EDGAR,US_SEC_FIRST,GAAP,False,No,Derived,No,Yes,,,Market_Cap approx: historical price x current shares. | [YTD->Discrete] Q2 was H1 cumulative from SEC XBRL. Corrected: Q2 = H1 - Q1 (Revenue/R&D/SGA).,True,False
CMP-016,REGN,Regeneron Pharmaceuticals,NASDAQ,REGN,REGN,2024,Q3,30/09/2024,2024,Q3,12,FY2024 covers Jan 2024 to Dec 2024,19/05/2026,USD,No,1.0,3720700000.0,1271500000.0,714400000.0,2011800000.0,3720.7,1271.5,714.4,2011.8,107573.98,SEC_EDGAR,US_SEC_FIRST,GAAP,False,No,Derived,No,Yes,,,Market_Cap approx: historical price x current shares. | [YTD->Discrete] Q3 was 9M cumulative from SEC XBRL. Corrected: Q3 = 9M - H1 (Revenue/R&D/SGA).,True,False
CMP-016,REGN,Regeneron Pharmaceuticals,NASDAQ,REGN,REGN,2024,Q4,31/12/2024,2024,Q4,12,FY2024 covers Jan 2024 to Dec 2024,19/05/2026,USD,No,1.0,3789200000.0,1412100000.0,792200000.0,2488200000.0,3789.2,1412.1,792.2,2488.2,72893.13,SEC_EDGAR,US_SEC_FIRST,GAAP,False,No,Derived,No,Yes,,,Source: Derived (FY - Q3_YTD) | §4 Conditional.,True,False
CMP-017,9995.HK,Remegen,Hong Kong Stock Exchange,9995.HK,9995.HK,2025,FY,31/12/2025,2025,Q4,12,FY2025 covers Jan 2025 to Dec 2025,19/05/2026,HKD,Yes,0.128524,3241560000.0,1218749000.0,1111444000.0,1154599000.0,416.62,156.64,142.85,148.39,14986.56,yfinance,YF_THEN_MANUAL,IFRS,False,Yes,Complete,No,No,,,Market_Cap approx: historical price x current shares. | Missing expected periods this run: 2024:H1; 2025:H1. | 5-point temporal requirement waived in favor of Zero-Force Policy (§4).,False,True
CMP-017,9995.HK,"RemeGen Co., Ltd.",Hong Kong Stock Exchange,9995.HK,9995.HK,2025,H1,30/06/2025,2025,Q2,12,FY2025 covers Jan 2025 to Dec 2025,18/05/2026,CNY,Yes,0.1395,1091976000.0,647216000.0,680140000.0,1271000000.0,152.33,90.29,94.88,177.3,4441.69,Manual_PDF,MANUAL_IR_PDF,IFRS,False,Yes,Complete,No,No,,,"[PDF_VERIFIED] Confirmed against RemeGen H1 2025 Interim Report, page 2, August 28, 2025. | Manual extraction from official RemeGen H1 2025 results. Source: https://www.remegen.com/en/Investors/Report.html. Raw CNY values; converted at FX=0.1395. Cash uses cash and cash equivalents; financial highlights also lists bank balances/cash of RMB 1,274.6m. | Market_Cap: calculated using true dual-listed A-share + H-share methodology. 9995.HK price=54.45 HKD (on 2025-06-30) * 208,581,239 shares * FX=0.127397 + 688331.SS price=60.50 CNY (on 2025-06-30) * 355,027,004 shares * FX=0.139429.",False,True
CMP-017,9995.HK,Remegen,Hong Kong Stock Exchange,9995.HK,9995.HK,2024,FY,31/12/2024,2024,Q4,12,FY2024 covers Jan 2024 to Dec 2024,19/05/2026,HKD,Yes,0.128808,1710152000.0,1539778000.0,948755000.0,759530000.0,220.28,198.34,122.21,97.83,2982.71,yfinance,YF_THEN_MANUAL,IFRS,False,Yes,Complete,No,No,,,Market_Cap approx: historical price x current shares. | Missing expected periods this run: 2024:H1; 2025:H1. | 5-point temporal requirement waived in favor of Zero-Force Policy (§4).,False,True
CMP-017,9995.HK,"RemeGen Co., Ltd.",Hong Kong Stock Exchange,9995.HK,9995.HK,2024,H1,30/06/2024,2024,Q2,12,FY2024 covers Jan 2024 to Dec 2024,18/05/2026,CNY,Yes,0.138,739656000.0,806233000.0,544885000.0,673322000.0,102.07,111.26,75.19,92.92,2703.62,Manual_PDF,MANUAL_IR_PDF,IFRS,False,Yes,Complete,No,No,,,"[PDF_VERIFIED] Confirmed against RemeGen H1 2024 Interim Report, page 2, August 29, 2024. | Manual extraction from official RemeGen H1 2024 results. Source: https://www.remegen.com/en/Investors/Report.html. Raw CNY values; converted at FX=0.138. Source values are RMB thousand; this CSV patch stores whole RMB. SGA = selling & distribution + administrative expenses. | Market_Cap: calculated using true dual-listed A-share + H-share methodology. 9995.HK price=24.50 HKD (on 2024-06-28) * 189,581,239 shares * FX=0.128057 + 688331.SS price=43.20 CNY (on 2024-06-28) * 354,750,844 shares * FX=0.137605.",False,True
CMP-018,MRK.F,Merck KGaA,Frankfurt Stock Exchange,MRK.F,MRK.F,2026,Q1,31/03/2026,2026,Q1,12,FY2026 covers Jan 2026 to Dec 2026,19/05/2026,EUR,Yes,1.146,5134000000.0,658000000.0,1113000000.0,2743000000.0,5883.56,754.07,1275.5,3143.48,13638.78,yfinance,YF_THEN_MANUAL,IFRS,False,Yes,Complete,No,No,,,Market_Cap approx: historical price x current shares. | Missing expected periods this run: 2024:H1.,False,True
CMP-018,MRK.F,Merck KGaA,Frankfurt Stock Exchange,MRK.F,MRK.F,2025,9M,30/09/2025,2025,Q3,12,FY2025 covers Jan 2025 to Dec 2025,19/05/2026,EUR,Yes,1.173144,5318000000.0,660000000.0,1128000000.0,2251000000.0,6238.78,774.28,1323.31,2640.75,13809.82,yfinance,YF_THEN_MANUAL,IFRS,False,Yes,Complete,No,No,,,Market_Cap approx: historical price x current shares. | Missing expected periods this run: 2024:H1.,False,True
CMP-018,MRK.F,Merck KGaA,Frankfurt Stock Exchange,MRK.F,MRK.F,2025,FY,31/12/2025,2025,Q4,12,FY2025 covers Jan 2025 to Dec 2025,19/05/2026,EUR,Yes,1.174729,5249000000.0,664000000.0,670000000.0,2328000000.0,6166.15,780.02,787.07,2734.77,15387.18,yfinance,YF_THEN_MANUAL,IFRS,False,Yes,Complete,No,No,,,Market_Cap approx: historical price x current shares. | Missing expected periods this run: 2024:H1.,False,True
CMP-018,MRK.F,Merck KGaA,Frankfurt Stock Exchange,MRK.F,MRK.F,2025,H1,30/06/2025,2025,Q2,12,FY2025 covers Jan 2025 to Dec 2025,19/05/2026,EUR,Yes,1.172745,5255000000.0,539000000.0,1122000000.0,1166000000.0,6162.77,632.11,1315.82,1367.42,14063.21,yfinance,YF_THEN_MANUAL,IFRS,False,Yes,Complete,No,No,,,Market_Cap approx: historical price x current shares. | Missing expected periods this run: 2024:H1.,False,True
CMP-018,MRK.F,Merck KGaA,Frankfurt Stock Exchange,MRK.F,MRK.F,2025,Q1,31/03/2025,2025,Q1,12,FY2025 covers Jan 2025 to Dec 2025,19/05/2026,EUR,Yes,1.082392,5280000000.0,551000000.0,1112000000.0,1005000000.0,5715.03,596.4,1203.62,1087.8,15694.91,yfinance,YF_THEN_MANUAL,IFRS,False,Yes,Complete,No,No,,,Market_Cap approx: historical price x current shares. | Missing expected periods this run: 2024:H1.,False,True
CMP-018,MRK.F,Merck KGaA,Frankfurt Stock Exchange,MRK.F,MRK.F,2024,FY,31/12/2024,2024,Q4,12,FY2024 covers Jan 2024 to Dec 2024,19/05/2026,EUR,Yes,1.040615,21156000000.0,2279000000.0,3968000000.0,2149000000.0,22015.25,2371.56,4129.16,2236.28,17442.94,yfinance,YF_THEN_MANUAL,IFRS,False,Yes,Complete,No,No,,,Market_Cap approx: historical price x current shares. | Missing expected periods this run: 2024:H1.,False,True
CMP-019,TAK,Takeda Pharmaceutical,NYSE,TAK,4502.T,2026,FY,31/03/2026,2026,Q1,3,FY2026 covers Apr 2025 to Mar 2026,17/05/2026,JPY,Yes,0.00685,4510000000000.0,676000000000.0,1080000000000.0,595000000000.0,30864.182,4630.0794,7426.87275,4076.1199,55979.91,Manual_PDF,MANUAL_IR,IFRS,False,Yes,Complete,No,No,,,"[PDF_CORRECTED] Old values: Revenue=4.51T JPY, RD=676B JPY, SGA=1.08T JPY, Cash=595B JPY. Corrected to Revenue=4,505,720,000,000 JPY, RD=675,924,000,000 JPY, SGA=1,084,215,000,000 JPY, Cash=595,054,000,000 JPY per Takeda FY2025 Consolidated Financial Results, page 11 & 14, May 11, 2026. | Manual PDF extraction from FY2025 (ended March 31, 2026) Financial Results. Raw values in Millions of JPY. Used FX JPY=0.00685. | 5-point temporal requirement waived in favor of Zero-Force Policy (§4). | Market_Cap: Market_Price_Ticker=4502.T, quoteCurrency=JPY, price@2026-03-31 × current shares (historical shares unavailable). FX=0.006256.",False,True
CMP-019,TAK,Takeda Pharmaceutical,NYSE,TAK,4502.T,2026,Q1,30/06/2025,2025,Q2,3,FY2026 covers Apr 2025 to Mar 2026,19/05/2026,JPY,Yes,0.00692,1106690000000.0,143891000000.0,537445000000.0,350008000000.0,7658.26,995.73,3719.12,2422.06,6716248.92,yfinance,ADR_FPI,IFRS,False,No,Complete,Yes,No,"2024:Q1,Q2,Q3; 2025:Q1,Q2",Takeda Pharmaceutical Q1 2024 financial results revenue R&D SG&A cash | Takeda Pharmaceutical Q2 2024 financial results revenue R&D SG&A cash | Takeda Pharmaceutical Q3 2024 financial results revenue R&D SG&A cash | Takeda Pharmaceutical Q1 2025 financial results revenue R&D SG&A cash | Takeda Pharmaceutical Q2 2025 financial results revenue R&D SG&A cash,"Market_Cap approx: historical price x current shares. | Missing expected periods this run: 2024:Q1,Q2,Q3; 2025:Q1,Q2. | Fiscal-year note: FY2026 covers Apr 2025 to Mar 2026.",False,True
CMP-019,TAK,Takeda Pharmaceutical,NYSE,TAK,4502.T,2026,Q2,30/09/2025,2025,Q3,3,FY2026 covers Apr 2025 to Mar 2026,19/05/2026,JPY,Yes,0.00673,1112800000000.0,161482000000.0,663739000000.0,681486000000.0,7489.12,1086.77,4466.96,4586.4,6700266.96,yfinance,ADR_FPI,IFRS,False,No,Complete,Yes,No,"2024:Q1,Q2,Q3; 2025:Q1,Q2",Takeda Pharmaceutical Q1 2024 financial results revenue R&D SG&A cash | Takeda Pharmaceutical Q2 2024 financial results revenue R&D SG&A cash | Takeda Pharmaceutical Q3 2024 financial results revenue R&D SG&A cash | Takeda Pharmaceutical Q1 2025 financial results revenue R&D SG&A cash | Takeda Pharmaceutical Q2 2025 financial results revenue R&D SG&A cash,"Market_Cap approx: historical price x current shares. | Missing expected periods this run: 2024:Q1,Q2,Q3; 2025:Q1,Q2. | Fiscal-year note: FY2026 covers Apr 2025 to Mar 2026.",False,True
CMP-019,TAK,Takeda Pharmaceutical,NYSE,TAK,4502.T,2026,Q3,31/12/2025,2025,Q4,3,FY2026 covers Apr 2025 to Mar 2026,19/05/2026,JPY,Yes,0.006393,1191700000000.0,175231000000.0,621728000000.0,654937000000.0,7618.53,1120.25,3974.71,4187.01,7633490.0,yfinance,ADR_FPI,IFRS,False,No,Complete,Yes,No,"2024:Q1,Q2,Q3; 2025:Q1,Q2",Takeda Pharmaceutical Q1 2024 financial results revenue R&D SG&A cash | Takeda Pharmaceutical Q2 2024 financial results revenue R&D SG&A cash | Takeda Pharmaceutical Q3 2024 financial results revenue R&D SG&A cash | Takeda Pharmaceutical Q1 2025 financial results revenue R&D SG&A cash | Takeda Pharmaceutical Q2 2025 financial results revenue R&D SG&A cash,"Market_Cap approx: historical price x current shares. | Missing expected periods this run: 2024:Q1,Q2,Q3; 2025:Q1,Q2. | Fiscal-year note: FY2026 covers Apr 2025 to Mar 2026.",False,True
CMP-019,TAK,Takeda Pharmaceutical,NYSE,TAK,4502.T,2026,Q4,31/03/2026,2026,Q1,3,FY2026 covers Apr 2025 to Mar 2026,17/05/2026,JPY,Yes,0.00685,1090000000000.0,162000000000.0,275000000000.0,595000000000.0,7497.462,1107.8094,1885.90775,4076.1199,55979.91,Manual_PDF,MANUAL_IR,IFRS,False,Yes,Derived,No,Yes,,,"[PDF_CORRECTED] Old values: Revenue=1.09T JPY, RD=195B JPY, SGA=264B JPY, Cash=595B JPY. Corrected to Revenue=1,094,520,000,000 JPY, RD=161,724,000,000 JPY, SGA=275,315,000,000 JPY, Cash=595,054,000,000 JPY per Takeda FY2025 Consolidated Financial Results & 9M Results, page 11 & 14, May 11, 2026.",True,True
CMP-019,TAK,Takeda Pharmaceutical,NYSE,TAK,4502.T,2025,FY,31/03/2025,2025,Q1,3,FY2025 covers Apr 2024 to Mar 2025,19/05/2026,JPY,Yes,0.006684,4581550000000.0,730227000000.0,1104770000000.0,385113000000.0,30623.09,4880.84,7384.26,2574.1,6698035.29,SEC_EDGAR,ADR_FPI,IFRS,False,No,Complete,Yes,No,"2024:Q1,Q2,Q3; 2025:Q1,Q2",Takeda Pharmaceutical Q1 2024 financial results revenue R&D SG&A cash | Takeda Pharmaceutical Q2 2024 financial results revenue R&D SG&A cash | Takeda Pharmaceutical Q3 2024 financial results revenue R&D SG&A cash | Takeda Pharmaceutical Q1 2025 financial results revenue R&D SG&A cash | Takeda Pharmaceutical Q2 2025 financial results revenue R&D SG&A cash,"Market_Cap approx: historical price x current shares. | Missing expected periods this run: 2024:Q1,Q2,Q3; 2025:Q1,Q2. | Fiscal-year note: FY2025 covers Apr 2024 to Mar 2025.",False,True
CMP-019,TAK,Takeda Pharmaceutical,NYSE,TAK,4502.T,2025,Q3,31/12/2024,2024,Q4,3,FY2025 covers Apr 2024 to Mar 2025,19/05/2026,JPY,Yes,0.00637,1144120000000.0,170193000000.0,749698000000.0,494126000000.0,7288.07,1084.13,4775.58,3147.58,6181485.34,yfinance,ADR_FPI,IFRS,False,No,Complete,Yes,No,"2024:Q1,Q2,Q3; 2025:Q1,Q2",Takeda Pharmaceutical Q1 2024 financial results revenue R&D SG&A cash | Takeda Pharmaceutical Q2 2024 financial results revenue R&D SG&A cash | Takeda Pharmaceutical Q3 2024 financial results revenue R&D SG&A cash | Takeda Pharmaceutical Q1 2025 financial results revenue R&D SG&A cash | Takeda Pharmaceutical Q2 2025 financial results revenue R&D SG&A cash,"Market_Cap approx: historical price x current shares. | Missing expected periods this run: 2024:Q1,Q2,Q3; 2025:Q1,Q2. | Fiscal-year note: FY2025 covers Apr 2024 to Mar 2025.",False,True
CMP-019,TAK,Takeda Pharmaceutical,NYSE,TAK,4502.T,2025,Q4,31/03/2025,2025,Q1,3,FY2025 covers Apr 2024 to Mar 2025,19/05/2026,JPY,Yes,0.006684,1053400000000.0,216007000000.0,602778000000.0,385113000000.0,7040.92,1443.79,4028.97,2574.1,6698035.29,yfinance,ADR_FPI,IFRS,False,No,Complete,Yes,No,"2024:Q1,Q2,Q3; 2025:Q1,Q2",Takeda Pharmaceutical Q1 2024 financial results revenue R&D SG&A cash | Takeda Pharmaceutical Q2 2024 financial results revenue R&D SG&A cash | Takeda Pharmaceutical Q3 2024 financial results revenue R&D SG&A cash | Takeda Pharmaceutical Q1 2025 financial results revenue R&D SG&A cash | Takeda Pharmaceutical Q2 2025 financial results revenue R&D SG&A cash,"Market_Cap approx: historical price x current shares. | Missing expected periods this run: 2024:Q1,Q2,Q3; 2025:Q1,Q2. | Fiscal-year note: FY2025 covers Apr 2024 to Mar 2025.",False,True
CMP-019,TAK,Takeda Pharmaceutical,NYSE,TAK,4502.T,2024,FY,31/03/2024,2024,Q1,3,FY2024 covers Apr 2023 to Mar 2024,19/05/2026,JPY,Yes,0.006605,4263760000000.0,729924000000.0,1053820000000.0,457800000000.0,28162.15,4821.15,6960.47,3023.77,6034427.06,SEC_EDGAR,ADR_FPI,IFRS,False,No,Complete,Yes,No,"2024:Q1,Q2,Q3; 2025:Q1,Q2",Takeda Pharmaceutical Q1 2024 financial results revenue R&D SG&A cash | Takeda Pharmaceutical Q2 2024 financial results revenue R&D SG&A cash | Takeda Pharmaceutical Q3 2024 financial results revenue R&D SG&A cash | Takeda Pharmaceutical Q1 2025 financial results revenue R&D SG&A cash | Takeda Pharmaceutical Q2 2025 financial results revenue R&D SG&A cash,"Market_Cap approx: historical price x current shares. | Missing expected periods this run: 2024:Q1,Q2,Q3; 2025:Q1,Q2. | Fiscal-year note: FY2024 covers Apr 2023 to Mar 2024.",False,True
CMP-020,BAYN.DE,Bayer,XETRA,BAYN.DE,BAYRY,2026,Q1,31/03/2026,2026,Q1,12,FY2026 covers Jan 2026 to Dec 2026,19/05/2026,EUR,Yes,1.146,13405000000.0,1419000000.0,3164000000.0,5728000000.0,15362.13,1626.17,3625.94,6564.29,44977.99,yfinance,YF_THEN_MANUAL,IFRS,False,No,Complete,No,No,,,Market_Cap approx: historical price x current shares. | Missing expected periods this run: 2025:FY. | [BATCH1_DERIVED_RESOLVED] Bayer 2024 Q2 derived row merged; all Bayer Batch 1 gaps resolved.,False,True
CMP-020,BAYN.DE,Bayer,XETRA,BAYN.DE,BAYRY,2025,FY,31/12/2025,2025,Q4,12,FY2025 covers Jan 2025 to Dec 2025,18/05/2026,EUR,Yes,1.082392,46606000000.0,6209000000.0,15938000000.0,5422000000.0,50445.96,6720.57,17251.16,5868.73,42392.15,yfinance,YF_THEN_MANUAL,IFRS,False,No,Derived,No,Yes,,,"[FX_FIX] Corrected on 18/05/2026. Old value: Raw_Revenue=45575000000, FX_Rate_Used=1.174729, Q_Revenue=52233.13. Source: Bayer Annual Report 2024 (EUR values). | [BATCH1_DERIVED_RESOLVED] Bayer 2024 Q2 derived row merged; all Bayer Batch 1 gaps resolved.",True,True
CMP-020,BAYN.DE,Bayer,XETRA,BAYN.DE,BAYRY,2025,Q1,31/03/2025,2025,Q1,12,FY2025 covers Jan 2025 to Dec 2025,19/05/2026,EUR,Yes,1.082392,13738000000.0,1458000000.0,3159000000.0,4015000000.0,14869.9,1578.13,3419.28,4345.8,23474.73,yfinance,YF_THEN_MANUAL,IFRS,False,No,Complete,No,No,,,Market_Cap approx: historical price x current shares. | Missing expected periods this run: 2025:FY. | [BATCH1_DERIVED_RESOLVED] Bayer 2024 Q2 derived row merged; all Bayer Batch 1 gaps resolved.,False,True
CMP-020,BAYN.DE,Bayer,XETRA,BAYN.DE,BAYRY,2025,Q2,30/06/2025,2025,Q2,12,FY2025 covers Jan 2025 to Dec 2025,19/05/2026,EUR,Yes,1.172745,10739000000.0,1408000000.0,3032000000.0,4557000000.0,12594.11,1651.22,3555.76,5344.2,29541.3,yfinance,YF_THEN_MANUAL,IFRS,False,No,Complete,No,No,,,Market_Cap approx: historical price x current shares. | Missing expected periods this run: 2025:FY. | [BATCH1_DERIVED_RESOLVED] Bayer 2024 Q2 derived row merged; all Bayer Batch 1 gaps resolved.,False,True
CMP-020,BAYN.DE,Bayer,XETRA,BAYN.DE,BAYRY,2025,Q3,30/09/2025,2025,Q3,12,FY2025 covers Jan 2025 to Dec 2025,19/05/2026,EUR,Yes,1.173144,9660000000.0,1498000000.0,2923000000.0,5897000000.0,11332.57,1757.37,3429.1,6918.03,32479.75,yfinance,YF_THEN_MANUAL,IFRS,False,No,Complete,No,No,,,Market_Cap approx: historical price x current shares. | Missing expected periods this run: 2025:FY. | [BATCH1_DERIVED_RESOLVED] Bayer 2024 Q2 derived row merged; all Bayer Batch 1 gaps resolved.,False,True
CMP-020,BAYN.DE,Bayer,XETRA,BAYN.DE,BAYRY,2025,Q4,31/12/2025,2025,Q4,12,FY2025 covers Jan 2025 to Dec 2025,19/05/2026,EUR,Yes,1.174729,11438000000.0,1405000000.0,3435000000.0,6671000000.0,13436.55,1650.49,4035.19,7836.62,42392.15,yfinance,YF_THEN_MANUAL,IFRS,False,No,Complete,No,No,,,Market_Cap approx: historical price x current shares. | Missing expected periods this run: 2025:FY. | [BATCH1_DERIVED_RESOLVED] Bayer 2024 Q2 derived row merged; all Bayer Batch 1 gaps resolved.,False,True
CMP-020,BAYN.DE,Bayer,XETRA,BAYN.DE,BAYRY,2024,Q4,31/12/2024,2024,Q4,12,FY2024 covers Jan 2024 to Dec 2024,17/05/2026,EUR,Yes,1.040615,11729000000.0,1725000000.0,3599000000.0,6191000000.0,12205.37,1795.06,3745.17,6442.45,19029.35,yfinance,YF_THEN_MANUAL,IFRS,False,No,Complete,No,No,,,"Market_Cap approx: historical price x current shares. | [GAP_SYNC] Synced from Company_Year_Gap_Flags.csv: Missing_Periods=Q1,Q2,Q3. | [BATCH1_DERIVED_RESOLVED] Bayer 2024 Q2 derived row merged; all Bayer Batch 1 gaps resolved.",False,True
CMP-021,4578.T,"Otsuka Holdings Co., Ltd",Tokyo Stock Exchange,4578.T,4578.T,2026,Q1,31/03/2026,2026,Q1,12,FY2026 covers Jan 2026 to Dec 2026,17/05/2026,JPY,Yes,0.00685,630000000000.0,82101000000.0,259000000000.0,538000000000.0,4317.8427,562.39185,1777.5065,3687.3276,36271.91,Manual_PDF,MANUAL_IR,IFRS,False,Yes,Complete,No,No,,,"[PDF_CORRECTED] Old values: Revenue=630B JPY, SGA=259B JPY, Cash=538B JPY. Corrected to Revenue=630,342,000,000 JPY, RD=82,101,000,000 JPY, SGA=259,490,000,000 JPY, Cash=538,296,000,000 JPY per Otsuka Holdings Q1 2026 Results, page 1 & 6, May 14, 2026. | Manual PDF extraction from Otsuka Holdings Q1 2026 Consolidated Financial Results (4578.T, parent company of Taiho). Raw values in Millions of JPY. Used FX JPY=0.00685. | 5-point temporal requirement waived in favor of Zero-Force Policy (§4). | Market_Cap: Market_Price_Ticker=4578.T, quoteCurrency=JPY, price@2026-03-31 × current shares (historical shares unavailable). FX=0.006256. | [FIX] Fiscal_Year_End_Month 3→12. CMP-021=Otsuka Holdings (Dec 31 FY), not Taiho (Mar FY).",False,True
CMP-021,4578.T,"Otsuka Holdings Co., Ltd",Tokyo Stock Exchange,4578.T,4578.T,2025,FY,31/12/2025,2025,Q4,12,FY2025 covers Jan 2025 to Dec 2025,18/05/2026,JPY,Yes,0.00645,2470000000000.0,353000000000.0,1000000000000.0,535000000000.0,15924.3534,2275.8051,6479.05725,3448.46025,30050.0,Manual_PDF,MANUAL_IR_PDF,IFRS,False,Yes,Complete,Yes,No,"Q1,Q2,Q3,Q4",,"[PDF_CORRECTED] Old values: Revenue=2.47T JPY, RD=353B JPY, SGA=1.00T JPY, Cash=535B JPY. Corrected to Revenue=2,468,892,000,000 JPY, RD=352,838,000,000 JPY, SGA=1,004,505,000,000 JPY, Cash=534,645,000,000 JPY per Otsuka Holdings FY2025 Results, page 1 & 6, February 13, 2026. | Manual extraction from Otsuka Holdings FY2025 results. Source: https://www.otsuka.com/en/ir/calendar/. Raw JPY values converted at FX=0.00645. FY values found; CSV has no 2025 rows. Q1-Q3 source reports exist but were not fully extracted into this patch. [MAPPING] CMP-021 maps to Otsuka Holdings (4578.T), parent of Taiho Oncology. | [MARKET_CAP_FIX] Filled Otsuka FY2025 annual market cap from Macrotrends annual market cap table; value stored in USD millions. | [GAP_SYNC] Synced from Company_Year_Gap_Flags.csv: Missing_Periods=Q1,Q2,Q3,Q4.",False,True
CMP-021,4578.T,"Otsuka Holdings Co., Ltd",Tokyo Stock Exchange,4578.T,4578.T,2024,FY,31/12/2024,2024,Q4,12,FY2024 covers Jan 2024 to Dec 2024,18/05/2026,JPY,Yes,0.0064,2330000000000.0,315000000000.0,959000000000.0,426000000000.0,14911.1104,2014.4384,6136.5568,2727.5072,28970.0,Manual_PDF,MANUAL_IR_PDF,IFRS,False,Yes,Complete,Yes,No,"Q1,Q2,Q3,Q4",,"[PDF_CORRECTED] Old values: Revenue=2.33T JPY, RD=314B JPY, SGA=958B JPY, Cash=426B JPY. Corrected to Revenue=2,329,861,000,000 JPY, RD=314,756,000,000 JPY, SGA=958,837,000,000 JPY, Cash=426,173,000,000 JPY per Otsuka Holdings FY2024 Results, page 1 & 6, February 14, 2025. | Manual extraction from Otsuka Holdings FY2024 results. Source: https://www.otsuka.com/en/ir/calendar/. Raw JPY values converted at FX=0.0064. FY values found; CSV has no 2024 rows. Q1-Q3 source reports exist but were not fully extracted into this patch. [MAPPING] CMP-021 maps to Otsuka Holdings (4578.T), parent of Taiho Oncology. | [MARKET_CAP_FIX] Filled Otsuka FY2024 annual market cap from Macrotrends annual market cap table; value stored in USD millions. | [GAP_SYNC] Synced from Company_Year_Gap_Flags.csv: Missing_Periods=Q1,Q2,Q3,Q4.",False,True
CMP-022,ZTS,Zoetis Inc.,NYSE,ZTS,ZTS,2026,Q1,31/03/2026,2026,Q1,12,FY2026 covers Jan 2026 to Dec 2026,19/05/2026,USD,No,1.0,2262000000.0,180000000.0,588000000.0,1941000000.0,2262.0,180.0,588.0,1941.0,49342.34,SEC_EDGAR,US_SEC_FIRST,GAAP,False,No,Complete,No,No,,,Market_Cap approx: historical price x current shares.,False,False
CMP-022,ZTS,Zoetis Inc.,NYSE,ZTS,ZTS,2025,FY,31/12/2025,2025,Q4,12,FY2025 covers Jan 2025 to Dec 2025,19/05/2026,USD,No,1.0,9467000000.0,698000000.0,2378000000.0,2312000000.0,9467.0,698.0,2378.0,2312.0,52295.54,SEC_EDGAR,US_SEC_FIRST,GAAP,False,No,Complete,No,No,,,Market_Cap approx: historical price x current shares.,False,False
CMP-022,ZTS,Zoetis Inc.,NYSE,ZTS,ZTS,2025,Q1,31/03/2025,2025,Q1,12,FY2025 covers Jan 2025 to Dec 2025,19/05/2026,USD,No,1.0,2220000000.0,157000000.0,563000000.0,1721000000.0,2220.0,157.0,563.0,1721.0,67741.43,SEC_EDGAR,US_SEC_FIRST,GAAP,False,No,Complete,No,No,,,Market_Cap approx: historical price x current shares.,False,False
CMP-022,ZTS,Zoetis Inc.,NYSE,ZTS,ZTS,2025,Q2,30/06/2025,2025,Q2,12,FY2025 covers Jan 2025 to Dec 2025,19/05/2026,USD,No,1.0,2460000000.0,172000000.0,617000000.0,1435000000.0,2460.0,172.0,617.0,1435.0,64378.52,SEC_EDGAR,US_SEC_FIRST,GAAP,False,No,Derived,No,Yes,,,Market_Cap approx: historical price x current shares. | [YTD->Discrete] Q2 was H1 cumulative from SEC XBRL. Corrected: Q2 = H1 - Q1 (Revenue/R&D/SGA).,True,False
CMP-022,ZTS,Zoetis Inc.,NYSE,ZTS,ZTS,2025,Q3,30/09/2025,2025,Q3,12,FY2025 covers Jan 2025 to Dec 2025,19/05/2026,USD,No,1.0,2400000000.0,170000000.0,579000000.0,2084000000.0,2400.0,170.0,579.0,2084.0,60605.09,SEC_EDGAR,US_SEC_FIRST,GAAP,False,No,Derived,No,Yes,,,Market_Cap approx: historical price x current shares. | [YTD->Discrete] Q3 was 9M cumulative from SEC XBRL. Corrected: Q3 = 9M - H1 (Revenue/R&D/SGA).,True,False
CMP-022,ZTS,Zoetis Inc.,NYSE,ZTS,ZTS,2025,Q4,31/12/2025,2025,Q4,12,FY2025 covers Jan 2025 to Dec 2025,19/05/2026,USD,No,1.0,2387000000.0,199000000.0,619000000.0,2312000000.0,2387.0,199.0,619.0,2312.0,52295.54,SEC_EDGAR,US_SEC_FIRST,GAAP,False,No,Derived,No,Yes,,,Source: Derived (FY - Q3_YTD) | §4 Conditional.,True,False
CMP-022,ZTS,Zoetis Inc.,NYSE,ZTS,ZTS,2024,FY,31/12/2024,2024,Q4,12,FY2024 covers Jan 2024 to Dec 2024,19/05/2026,USD,No,1.0,9256000000.0,686000000.0,2318000000.0,1987000000.0,9256.0,686.0,2318.0,1987.0,66831.73,SEC_EDGAR,US_SEC_FIRST,GAAP,False,No,Complete,No,No,,,Market_Cap approx: historical price x current shares.,False,False
CMP-022,ZTS,Zoetis Inc.,NYSE,ZTS,ZTS,2024,Q1,31/03/2024,2024,Q1,12,FY2024 covers Jan 2024 to Dec 2024,19/05/2026,USD,No,1.0,2190000000.0,162000000.0,547000000.0,1975000000.0,2190.0,162.0,547.0,1975.0,67991.38,SEC_EDGAR,US_SEC_FIRST,GAAP,False,No,Complete,No,No,,,Market_Cap approx: historical price x current shares.,False,False
CMP-022,ZTS,Zoetis Inc.,NYSE,ZTS,ZTS,2024,Q2,30/06/2024,2024,Q2,12,FY2024 covers Jan 2024 to Dec 2024,19/05/2026,USD,No,1.0,2361000000.0,171000000.0,581000000.0,1574000000.0,2361.0,171.0,581.0,1574.0,70455.11,SEC_EDGAR,US_SEC_FIRST,GAAP,False,No,Derived,No,Yes,,,Market_Cap approx: historical price x current shares. | [YTD->Discrete] Q2 was H1 cumulative from SEC XBRL. Corrected: Q2 = H1 - Q1 (Revenue/R&D/SGA).,True,False
CMP-022,ZTS,Zoetis Inc.,NYSE,ZTS,ZTS,2024,Q3,30/09/2024,2024,Q3,12,FY2024 covers Jan 2024 to Dec 2024,19/05/2026,USD,No,1.0,2388000000.0,167000000.0,565000000.0,1714000000.0,2388.0,167.0,565.0,1714.0,79952.83,SEC_EDGAR,US_SEC_FIRST,GAAP,False,No,Derived,No,Yes,,,Market_Cap approx: historical price x current shares. | [YTD->Discrete] Q3 was 9M cumulative from SEC XBRL. Corrected: Q3 = 9M - H1 (Revenue/R&D/SGA).,True,False
CMP-022,ZTS,Zoetis Inc.,NYSE,ZTS,ZTS,2024,Q4,31/12/2024,2024,Q4,12,FY2024 covers Jan 2024 to Dec 2024,19/05/2026,USD,No,1.0,2317000000.0,186000000.0,625000000.0,1987000000.0,2317.0,186.0,625.0,1987.0,66831.73,SEC_EDGAR,US_SEC_FIRST,GAAP,False,No,Derived,No,Yes,,,Source: Derived (FY - Q3_YTD) | §4 Conditional.,True,False
CMP-023,6160.HK,BeOne Medicines,Hong Kong Stock Exchange,6160.HK,6160.HK,2026,Q1,31/03/2026,2026,Q1,12,FY2026 covers Jan 2026 to Dec 2026,19/05/2026,HKD,Yes,0.127621,1513438000.0,541224000.0,1096321000.0,4791676000.0,193.15,69.07,139.91,611.52,211704.74,yfinance,YF_THEN_MANUAL,IFRS,False,No,Complete,No,No,,,Market_Cap approx: historical price x current shares.,False,True
CMP-023,6160.HK,BeOne Medicines,Hong Kong Stock Exchange,6160.HK,6160.HK,2025,FY,31/12/2025,2025,Q4,12,FY2025 covers Jan 2025 to Dec 2025,19/05/2026,USD,No,1.0,5343033000.0,2145868000.0,2081489000.0,4547530000.0,5343.03,2145.87,2081.49,4547.53,221697.78,SEC_EDGAR,YF_THEN_MANUAL,GAAP,False,No,Complete,No,No,,,Market_Cap approx: historical price x current shares.,False,False
CMP-023,6160.HK,BeOne Medicines,Hong Kong Stock Exchange,6160.HK,6160.HK,2025,Q1,31/03/2025,2025,Q1,12,FY2025 covers Jan 2025 to Dec 2025,19/05/2026,HKD,Yes,0.128556,1117279000.0,481887000.0,941175000.0,2516411000.0,143.63,61.95,120.99,323.5,205042.69,yfinance,YF_THEN_MANUAL,IFRS,False,No,Complete,No,No,,,Market_Cap approx: historical price x current shares.,False,True
CMP-023,6160.HK,BeOne Medicines,Hong Kong Stock Exchange,6160.HK,6160.HK,2025,Q2,30/06/2025,2025,Q2,12,FY2025 covers Jan 2025 to Dec 2025,19/05/2026,HKD,Yes,0.127397,1315300000.0,524896000.0,1062809000.0,2756056000.0,167.57,66.87,135.4,351.11,182342.42,yfinance,YF_THEN_MANUAL,IFRS,False,No,Complete,No,No,,,Market_Cap approx: historical price x current shares.,False,True
CMP-023,6160.HK,BeOne Medicines,Hong Kong Stock Exchange,6160.HK,6160.HK,2025,Q3,30/09/2025,2025,Q3,12,FY2025 covers Jan 2025 to Dec 2025,19/05/2026,HKD,Yes,0.128485,1412284000.0,523662000.0,1052660000.0,4036868000.0,181.46,67.28,135.25,518.68,253157.4,yfinance,YF_THEN_MANUAL,IFRS,False,No,Complete,No,No,,,Market_Cap approx: historical price x current shares.,False,True
CMP-023,6160.HK,BeOne Medicines,Hong Kong Stock Exchange,6160.HK,6160.HK,2025,Q4,31/12/2025,2025,Q4,12,FY2025 covers Jan 2025 to Dec 2025,19/05/2026,HKD,Yes,0.128524,1498170000.0,615423000.0,1170713000.0,4547530000.0,192.55,79.1,150.46,584.47,221697.78,yfinance,YF_THEN_MANUAL,IFRS,False,No,Complete,No,No,,,Market_Cap approx: historical price x current shares.,False,True
CMP-023,6160.HK,BeOne Medicines,Hong Kong Stock Exchange,6160.HK,6160.HK,2024,FY,31/12/2024,2024,Q4,12,FY2024 covers Jan 2024 to Dec 2024,19/05/2026,USD,No,1.0,3810241000.0,1953295000.0,1831056000.0,2627410000.0,3810.24,1953.3,1831.06,2627.41,135338.04,SEC_EDGAR,YF_THEN_MANUAL,GAAP,False,No,Complete,No,No,,,Market_Cap approx: historical price x current shares.,False,False
CMP-023,6160.HK,BeOne Medicines,Hong Kong Stock Exchange,6160.HK,6160.HK,2024,Q1,31/03/2024,2024,Q1,12,FY2024 covers Jan 2024 to Dec 2024,19/05/2026,USD,No,1.0,751652000.0,460638000.0,427427000.0,2793370000.0,751.65,460.64,427.43,2793.37,115783.73,SEC_EDGAR,YF_THEN_MANUAL,GAAP,False,No,Complete,No,No,,,Market_Cap approx: historical price x current shares.,False,False
CMP-023,6160.HK,BeOne Medicines,Hong Kong Stock Exchange,6160.HK,6160.HK,2024,Q2,30/06/2024,2024,Q2,12,FY2024 covers Jan 2024 to Dec 2024,19/05/2026,USD,No,1.0,929166000.0,454466000.0,443729000.0,2592655000.0,929.17,454.46,443.73,2592.66,105728.99,SEC_EDGAR,YF_THEN_MANUAL,GAAP,False,No,Derived,No,Yes,,,Market_Cap approx: historical price x current shares. | [YTD->Discrete] Q2 was H1 cumulative from SEC XBRL. Corrected: Q2 = H1 - Q1 (Revenue/R&D/SGA).,True,False
CMP-023,6160.HK,BeOne Medicines,Hong Kong Stock Exchange,6160.HK,6160.HK,2024,Q3,30/09/2024,2024,Q3,12,FY2024 covers Jan 2024 to Dec 2024,19/05/2026,USD,No,1.0,1001599000.0,496179000.0,455223000.0,2701933000.0,1001.6,496.18,455.22,2701.93,178517.91,SEC_EDGAR,YF_THEN_MANUAL,GAAP,False,No,Derived,No,Yes,,,Market_Cap approx: historical price x current shares. | [YTD->Discrete] Q3 was 9M cumulative from SEC XBRL. Corrected: Q3 = 9M - H1 (Revenue/R&D/SGA).,True,False
CMP-023,6160.HK,BeOne Medicines,Hong Kong Stock Exchange,6160.HK,6160.HK,2024,Q4,31/12/2024,2024,Q4,12,FY2024 covers Jan 2024 to Dec 2024,19/05/2026,USD,No,1.0,1127824000.0,542012000.0,504677000.0,2627410000.0,1127.82,542.02,504.68,2627.41,135338.04,SEC_EDGAR,YF_THEN_MANUAL,GAAP,False,No,Derived,No,Yes,,,Source: Derived (FY - Q3_YTD) | §4 Conditional.,True,False
CMP-024,4568.T,Daiichi Sankyo,Tokyo Stock Exchange,4568.T,4568.T,2026,FY,31/03/2026,2026,Q1,3,FY2026 covers Apr 2025 to Mar 2026,17/05/2026,JPY,Yes,0.00685,2120000000000.0,462000000000.0,860000000000.0,489000000000.0,14542.85825,3165.9467,5888.36275,3349.53355,31487.45,Manual_PDF,MANUAL_IR,IFRS,False,Yes,Complete,Yes,No,H1,,"[PDF_CORRECTED] Old values: Revenue=2.12T JPY, RD=466B JPY, SGA=781B JPY, Cash=489B JPY. Corrected to Revenue=2,123,045,000,000 JPY, RD=462,182,000,000 JPY, SGA=859,615,000,000 JPY, Cash=488,983,000,000 JPY per Daiichi Sankyo FY2025 Results, page 1 & 14, May 14, 2026. | Manual PDF extraction from FY2025 (ended March 31, 2026) Financial Results. Raw values in Millions of JPY. Used FX JPY=0.00685. | 5-point temporal requirement waived in favor of Zero-Force Policy (§4). | Market_Cap: Market_Price_Ticker=4568.T, quoteCurrency=JPY, price@2026-03-31 × current shares (historical shares unavailable). FX=0.006256. | [GAP_SYNC] Synced from Company_Year_Gap_Flags.csv: Missing_Periods=H1.",False,True
CMP-024,4568.T,Daiichi Sankyo,Tokyo Stock Exchange,4568.T,4568.T,2025,FY,31/03/2025,2025,Q1,3,FY2025 covers Apr 2024 to Mar 2025,19/05/2026,JPY,Yes,0.006684,1886260000000.0,435965000000.0,731200000000.0,639838000000.0,12607.74,2913.99,4887.34,4276.68,6230311.4,yfinance,JAPAN_YF_THEN_MANUAL,IFRS,False,Yes,Complete,Yes,No,2024:H1; 2025:H1,Daiichi Sankyo H1 2024 financial results revenue R&D SG&A cash | Daiichi Sankyo H1 2025 financial results revenue R&D SG&A cash,Market_Cap approx: historical price x current shares. | Missing expected periods this run: 2024:H1; 2025:H1. | Fiscal-year note: FY2025 covers Apr 2024 to Mar 2025. | 5-point temporal requirement waived in favor of Zero-Force Policy (§4).,False,True
CMP-024,4568.T,Daiichi Sankyo,Tokyo Stock Exchange,4568.T,4568.T,2024,FY,31/03/2024,2024,Q1,3,FY2024 covers Apr 2023 to Mar 2024,19/05/2026,JPY,Yes,0.006605,1601690000000.0,365169000000.0,636997000000.0,647180000000.0,10579.15,2411.94,4207.37,4274.62,8164784.04,yfinance,JAPAN_YF_THEN_MANUAL,IFRS,False,Yes,Complete,Yes,No,2024:H1; 2025:H1,Daiichi Sankyo H1 2024 financial results revenue R&D SG&A cash | Daiichi Sankyo H1 2025 financial results revenue R&D SG&A cash,Market_Cap approx: historical price x current shares. | Missing expected periods this run: 2024:H1; 2025:H1. | Fiscal-year note: FY2024 covers Apr 2023 to Mar 2024. | 5-point temporal requirement waived in favor of Zero-Force Policy (§4).,False,True
CMP-025,BIIB,Biogen,NASDAQ,BIIB,BIIB,2026,Q1,31/03/2026,2026,Q1,12,FY2026 covers Jan 2026 to Dec 2026,19/05/2026,USD,No,1.0,2477800000.0,539000000.0,607300000.0,3382700000.0,2477.8,539.0,607.3,3382.7,27066.31,SEC_EDGAR,US_SEC_FIRST,GAAP,False,No,Complete,No,No,,,Market_Cap approx: historical price x current shares.,False,False
CMP-025,BIIB,Biogen,NASDAQ,BIIB,BIIB,2025,FY,31/12/2025,2025,Q4,12,FY2025 covers Jan 2025 to Dec 2025,19/05/2026,USD,No,1.0,9890600000.0,1778600000.0,2433600000.0,3008500000.0,9890.6,1778.6,2433.6,3008.5,25982.66,SEC_EDGAR,US_SEC_FIRST,GAAP,False,No,Complete,No,No,,,Market_Cap approx: historical price x current shares.,False,False
CMP-025,BIIB,Biogen,NASDAQ,BIIB,BIIB,2025,Q1,31/03/2025,2025,Q1,12,FY2025 covers Jan 2025 to Dec 2025,19/05/2026,USD,No,1.0,2431000000.0,434100000.0,572500000.0,2598300000.0,2431.0,434.1,572.5,2598.3,20202.66,SEC_EDGAR,US_SEC_FIRST,GAAP,False,No,Complete,No,No,,,Market_Cap approx: historical price x current shares.,False,False
CMP-025,BIIB,Biogen,NASDAQ,BIIB,BIIB,2025,Q2,30/06/2025,2025,Q2,12,FY2025 covers Jan 2025 to Dec 2025,19/05/2026,USD,No,1.0,2645500000.0,399000000.0,583800000.0,2758800000.0,2645.5,399.0,583.8,2758.8,18541.74,SEC_EDGAR,US_SEC_FIRST,GAAP,False,No,Derived,No,Yes,,,Market_Cap approx: historical price x current shares. | [YTD->Discrete] Q2 was H1 cumulative from SEC XBRL. Corrected: Q2 = H1 - Q1 (Revenue/R&D/SGA).,True,False
CMP-025,BIIB,Biogen,NASDAQ,BIIB,BIIB,2025,Q3,30/09/2025,2025,Q3,12,FY2025 covers Jan 2025 to Dec 2025,19/05/2026,USD,No,1.0,2534700000.0,436100000.0,594800000.0,3862800000.0,2534.7,436.1,594.8,3862.8,20681.01,SEC_EDGAR,US_SEC_FIRST,GAAP,False,No,Derived,No,Yes,,,Market_Cap approx: historical price x current shares. | [YTD->Discrete] Q3 was 9M cumulative from SEC XBRL. Corrected: Q3 = 9M - H1 (Revenue/R&D/SGA).,True,False
CMP-025,BIIB,Biogen,NASDAQ,BIIB,BIIB,2025,Q4,31/12/2025,2025,Q4,12,FY2025 covers Jan 2025 to Dec 2025,19/05/2026,USD,No,1.0,2279400000.0,509400000.0,682500000.0,3008500000.0,2279.4,509.4,682.5,3008.5,25982.66,SEC_EDGAR,US_SEC_FIRST,GAAP,False,No,Derived,No,Yes,,,Source: Derived (FY - Q3_YTD) | §4 Conditional.,True,False
CMP-025,BIIB,Biogen,NASDAQ,BIIB,BIIB,2024,FY,31/12/2024,2024,Q4,12,FY2024 covers Jan 2024 to Dec 2024,19/05/2026,USD,No,1.0,9675900000.0,2041800000.0,2403700000.0,2375000000.0,9675.9,2041.8,2403.7,2375.0,22576.67,SEC_EDGAR,US_SEC_FIRST,GAAP,False,No,Complete,No,No,,,Market_Cap approx: historical price x current shares.,False,False
CMP-025,BIIB,Biogen,NASDAQ,BIIB,BIIB,2024,Q1,31/03/2024,2024,Q1,12,FY2024 covers Jan 2024 to Dec 2024,19/05/2026,USD,No,1.0,2290500000.0,452900000.0,581500000.0,1074400000.0,2290.5,452.9,581.5,1074.4,31716.88,SEC_EDGAR,US_SEC_FIRST,GAAP,False,No,Complete,No,No,,,Market_Cap approx: historical price x current shares.,False,False
CMP-025,BIIB,Biogen,NASDAQ,BIIB,BIIB,2024,Q2,30/06/2024,2024,Q2,12,FY2024 covers Jan 2024 to Dec 2024,19/05/2026,USD,No,1.0,2464900000.0,513900000.0,553800000.0,1908900000.0,2464.9,513.9,553.8,1908.9,34217.86,SEC_EDGAR,US_SEC_FIRST,GAAP,False,No,Derived,No,Yes,,,Market_Cap approx: historical price x current shares. | [YTD->Discrete] Q2 was H1 cumulative from SEC XBRL. Corrected: Q2 = H1 - Q1 (Revenue/R&D/SGA).,True,False
CMP-025,BIIB,Biogen,NASDAQ,BIIB,BIIB,2024,Q3,30/09/2024,2024,Q3,12,FY2024 covers Jan 2024 to Dec 2024,19/05/2026,USD,No,1.0,2465800000.0,542700000.0,588400000.0,1699200000.0,2465.8,542.7,588.4,1699.2,28617.98,SEC_EDGAR,US_SEC_FIRST,GAAP,False,No,Derived,No,Yes,,,Market_Cap approx: historical price x current shares. | [YTD->Discrete] Q3 was 9M cumulative from SEC XBRL. Corrected: Q3 = 9M - H1 (Revenue/R&D/SGA).,True,False
CMP-025,BIIB,Biogen,NASDAQ,BIIB,BIIB,2024,Q4,31/12/2024,2024,Q4,12,FY2024 covers Jan 2024 to Dec 2024,19/05/2026,USD,No,1.0,2454700000.0,532300000.0,680000000.0,2375000000.0,2454.7,532.3,680.0,2375.0,22576.67,SEC_EDGAR,US_SEC_FIRST,GAAP,False,No,Derived,No,Yes,,,Source: Derived (FY - Q3_YTD) | §4 Conditional.,True,False
CMP-026,4503.T,Astellas Pharma,Tokyo Stock Exchange,4503.T,4503.T,2026,FY,31/03/2026,2026,Q1,3,FY2026 covers Apr 2025 to Mar 2026,17/05/2026,JPY,Yes,0.00685,2140000000000.0,315000000000.0,860000000000.0,282000000000.0,14653.82825,2155.695,5893.055,1928.96,28231.88,Manual_PDF,MANUAL_IR,IFRS,False,Yes,Complete,Yes,No,H1,,"[PDF_CORRECTED] Old values: Revenue=2.14T JPY, RD=315B JPY, SGA=860B JPY, Cash=282B JPY. Corrected to Revenue=2,139,245,000,000 JPY, RD=314,700,000,000 JPY, SGA=860,300,000,000 JPY, Cash=281,600,000,000 JPY per Astellas Pharma FY2025 Results, page 1 & 15, May 14, 2026. | Manual PDF extraction from FY2025 (ended March 31, 2026) Financial Results. Raw values in Millions of JPY. Used FX JPY=0.00685. | 5-point temporal requirement waived in favor of Zero-Force Policy (§4). | [SNAPSHOT_OK] Q4 and FY share the same Quarter_End_Date — identical Market_Cap is expected per §2.1 Snapshot Rule, not an averaging error. | [AUDIT §7] Snapshot warning: Market_Cap identical across periods — verify not averaged. | [GAP_SYNC] Synced from Company_Year_Gap_Flags.csv: Missing_Periods=H1.",False,True
CMP-026,4503.T,Astellas Pharma,Tokyo Stock Exchange,4503.T,4503.T,2026,Q4,31/03/2026,2026,Q1,3,FY2026 covers Apr 2025 to Mar 2026,17/05/2026,JPY,Yes,0.00685,538000000000.0,95800000000.0,235000000000.0,282000000000.0,3684.78625,656.23,1607.60595,1928.96,28231.88,Manual_PDF,MANUAL_IR,IFRS,False,Yes,Complete,Yes,No,H1,,"[PDF_CORRECTED] Old values: Revenue=538B JPY, RD=95.9B JPY, SGA=235B JPY, Cash=282B JPY. Corrected to Revenue=537,925,000,000 JPY, RD=95,800,000,000 JPY, SGA=234,687,000,000 JPY, Cash=281,600,000,000 JPY per Astellas Pharma FY2025 Supplementary Documents, page S-11, May 14, 2026. | Manual PDF extraction from FY2025 (ended March 31, 2026) Financial Results Supplementary Documents (Page S-11 standalone Q4 tables). Raw values in Billions of JPY. Used FX JPY=0.00685. | 5-point temporal requirement waived in favor of Zero-Force Policy (§4). | [SNAPSHOT_OK] Q4 and FY share the same Quarter_End_Date — identical Market_Cap is expected per §2.1 Snapshot Rule, not an averaging error. | [AUDIT §7] Snapshot warning: Market_Cap identical across periods — verify not averaged. | [GAP_SYNC] Synced from Company_Year_Gap_Flags.csv: Missing_Periods=H1.",False,True
CMP-026,4503.T,Astellas Pharma,Tokyo Stock Exchange,4503.T,4503.T,2025,FY,31/03/2025,2025,Q1,3,FY2025 covers Apr 2024 to Mar 2025,19/05/2026,JPY,Yes,0.006684,1912320000000.0,327651000000.0,843032000000.0,188372000000.0,12781.97,2190.02,5634.83,1259.08,2492108.1,yfinance,JAPAN_YF_THEN_MANUAL,IFRS,False,Yes,Complete,Yes,No,2024:H1; 2025:H1,Astellas Pharma H1 2024 financial results revenue R&D SG&A cash | Astellas Pharma H1 2025 financial results revenue R&D SG&A cash,Market_Cap approx: historical price x current shares. | Missing expected periods this run: 2024:H1; 2025:H1. | Fiscal-year note: FY2025 covers Apr 2024 to Mar 2025. | 5-point temporal requirement waived in favor of Zero-Force Policy (§4).,False,True
CMP-026,4503.T,Astellas Pharma,Tokyo Stock Exchange,4503.T,4503.T,2024,FY,31/03/2024,2024,Q1,3,FY2024 covers Apr 2023 to Mar 2024,19/05/2026,JPY,Yes,0.006605,1603670000000.0,294187000000.0,740110000000.0,335687000000.0,10592.25,1943.11,4888.43,2217.21,2698227.24,yfinance,JAPAN_YF_THEN_MANUAL,IFRS,False,Yes,Complete,Yes,No,2024:H1; 2025:H1,Astellas Pharma H1 2024 financial results revenue R&D SG&A cash | Astellas Pharma H1 2025 financial results revenue R&D SG&A cash,Market_Cap approx: historical price x current shares. | Missing expected periods this run: 2024:H1; 2025:H1. | Fiscal-year note: FY2024 covers Apr 2023 to Mar 2024. | 5-point temporal requirement waived in favor of Zero-Force Policy (§4).,False,True
CMP-027,4519.T,Chugai Pharmaceutical,Tokyo,4519.T,4519.T,2026,Q1,31/03/2026,2026,Q1,12,FY2026 covers Jan 2026 to Dec 2026,17/05/2026,JPY,Yes,0.00685,322000000000.0,41900000000.0,24900000000.0,418000000000.0,2203.96695,287.015,170.565,2863.1904,88657.94,Manual_PDF,MANUAL_IR,IFRS,False,Yes,Complete,No,No,,,"[PDF_CORRECTED] Old values: Revenue=322B JPY, RD=41.887B JPY, SGA=28.901B JPY, Cash=418B JPY. Corrected to Revenue=321,747,000,000 JPY, RD=41,900,000,000 JPY, SGA=24,900,000,000 JPY, Cash=417,984,000,000 JPY per Chugai Consolidated Financial Statements Q1 2026, page 1 & 4, April 23, 2026. | Manual PDF extraction from Q1 2026 Consolidated Financial Statements. Raw values in Millions of JPY. Used FX JPY=0.00685. | 5-point temporal requirement waived in favor of Zero-Force Policy (§4). | Market_Cap: Market_Price_Ticker=4519.T, quoteCurrency=JPY, price@2026-03-31 × current shares (historical shares unavailable). FX=0.006256.",False,True
CMP-027,4519.T,Chugai Pharmaceutical,Tokyo,4519.T,4519.T,2025,FY,31/12/2025,2025,Q4,12,FY2025 covers Jan 2025 to Dec 2025,17/05/2026,JPY,Yes,0.006393,1260000000000.0,188000000000.0,116000000000.0,427000000000.0,8042.02,1199.31,744.54,2727.27,89599.93,yfinance,JAPAN_YF_THEN_MANUAL,IFRS,False,Yes,Complete,Yes,No,"Q1,Q2,Q3,Q4",,"Market_Cap approx: historical price x current shares. | 5-point temporal requirement waived in favor of Zero-Force Policy (§4). | [MARKET_CAP_FIX] Convert local-currency market cap from JPY millions to USD millions using row/date FX. Old=14015318.18; New=89599.93. | [GAP_SYNC] Synced from Company_Year_Gap_Flags.csv: Missing_Periods=Q1,Q2,Q3,Q4.",False,True
CMP-027,4519.T,Chugai Pharmaceutical,Tokyo,4519.T,4519.T,2024,FY,31/12/2024,2024,Q4,12,FY2024 covers Jan 2024 to Dec 2024,17/05/2026,JPY,Yes,0.00637,1170000000000.0,181000000000.0,110000000000.0,540000000000.0,7456.79,1155.77,701.32,3441.09,69363.37,yfinance,JAPAN_YF_THEN_MANUAL,IFRS,False,Yes,Complete,Yes,No,"Q1,Q2,Q3,Q4",,"Market_Cap approx: historical price x current shares. | 5-point temporal requirement waived in favor of Zero-Force Policy (§4). | [MARKET_CAP_FIX] Convert local-currency market cap from JPY millions to USD millions using row/date FX. Old=10889068.31; New=69363.37. | [GAP_SYNC] Synced from Company_Year_Gap_Flags.csv: Missing_Periods=Q1,Q2,Q3,Q4.",False,True
CMP-028,MRNA,"Moderna, Inc.",NASDAQ,MRNA,MRNA,2026,Q1,31/03/2026,2026,Q1,12,FY2026 covers Jan 2026 to Dec 2026,19/05/2026,USD,No,1.0,389000000.0,649000000.0,173000000.0,1908000000.0,389.0,649.0,173.0,1908.0,20156.74,SEC_EDGAR,US_SEC_FIRST,GAAP,False,No,Complete,No,No,,,Market_Cap approx: historical price x current shares.,False,False
CMP-028,MRNA,"Moderna, Inc.",NASDAQ,MRNA,MRNA,2025,FY,31/12/2025,2025,Q4,12,FY2025 covers Jan 2025 to Dec 2025,19/05/2026,USD,No,1.0,1944000000.0,3132000000.0,1018000000.0,2595000000.0,1944.0,3132.0,1018.0,2595.0,11701.23,SEC_EDGAR,US_SEC_FIRST,GAAP,False,No,Complete,No,No,,,Market_Cap approx: historical price x current shares.,False,False
CMP-028,MRNA,"Moderna, Inc.",NASDAQ,MRNA,MRNA,2025,Q1,31/03/2025,2025,Q1,12,FY2025 covers Jan 2025 to Dec 2025,19/05/2026,USD,No,1.0,108000000.0,856000000.0,212000000.0,1623000000.0,108.0,856.0,212.0,1623.0,11248.89,SEC_EDGAR,US_SEC_FIRST,GAAP,False,No,Complete,No,No,,,Market_Cap approx: historical price x current shares.,False,False
CMP-028,MRNA,"Moderna, Inc.",NASDAQ,MRNA,MRNA,2025,Q2,30/06/2025,2025,Q2,12,FY2025 covers Jan 2025 to Dec 2025,19/05/2026,USD,No,1.0,142000000.0,700000000.0,230000000.0,1279000000.0,142.0,700.0,230.0,1279.0,10947.33,SEC_EDGAR,US_SEC_FIRST,GAAP,False,No,Derived,No,Yes,,,Market_Cap approx: historical price x current shares. | [YTD->Discrete] Q2 was H1 cumulative from SEC XBRL. Corrected: Q2 = H1 - Q1 (Revenue/R&D/SGA).,True,False
CMP-028,MRNA,"Moderna, Inc.",NASDAQ,MRNA,MRNA,2025,Q3,30/09/2025,2025,Q3,12,FY2025 covers Jan 2025 to Dec 2025,19/05/2026,USD,No,1.0,1016000000.0,801000000.0,268000000.0,1132000000.0,1016.0,801.0,268.0,1132.0,10248.99,SEC_EDGAR,US_SEC_FIRST,GAAP,False,No,Derived,No,Yes,,,Market_Cap approx: historical price x current shares. | [YTD->Discrete] Q3 was 9M cumulative from SEC XBRL. Corrected: Q3 = 9M - H1 (Revenue/R&D/SGA).,True,False
CMP-028,MRNA,"Moderna, Inc.",NASDAQ,MRNA,MRNA,2025,Q4,31/12/2025,2025,Q4,12,FY2025 covers Jan 2025 to Dec 2025,19/05/2026,USD,No,1.0,678000000.0,775000000.0,308000000.0,2595000000.0,678.0,775.0,308.0,2595.0,11701.23,SEC_EDGAR,US_SEC_FIRST,GAAP,False,No,Derived,No,Yes,,,Source: Derived (FY - Q3_YTD) | §4 Conditional.,True,False
CMP-028,MRNA,"Moderna, Inc.",NASDAQ,MRNA,MRNA,2024,FY,31/12/2024,2024,Q4,12,FY2024 covers Jan 2024 to Dec 2024,19/05/2026,USD,No,1.0,3236000000.0,4543000000.0,1174000000.0,1927000000.0,3236.0,4543.0,1174.0,1927.0,16498.37,SEC_EDGAR,US_SEC_FIRST,GAAP,False,No,Complete,No,No,,,Market_Cap approx: historical price x current shares.,False,False
CMP-028,MRNA,"Moderna, Inc.",NASDAQ,MRNA,MRNA,2024,Q1,31/03/2024,2024,Q1,12,FY2024 covers Jan 2024 to Dec 2024,19/05/2026,USD,No,1.0,167000000.0,1063000000.0,274000000.0,2051000000.0,167.0,1063.0,274.0,2051.0,41900.63,SEC_EDGAR,US_SEC_FIRST,GAAP,False,No,Complete,No,No,,,Market_Cap approx: historical price x current shares.,False,False
CMP-028,MRNA,"Moderna, Inc.",NASDAQ,MRNA,MRNA,2024,Q2,30/06/2024,2024,Q2,12,FY2024 covers Jan 2024 to Dec 2024,19/05/2026,USD,No,1.0,241000000.0,1221000000.0,268000000.0,2478000000.0,241.0,1221.0,268.0,2478.0,46007.37,SEC_EDGAR,US_SEC_FIRST,GAAP,False,No,Derived,No,Yes,,,Market_Cap approx: historical price x current shares. | [YTD->Discrete] Q2 was H1 cumulative from SEC XBRL. Corrected: Q2 = H1 - Q1 (Revenue/R&D/SGA).,True,False
CMP-028,MRNA,"Moderna, Inc.",NASDAQ,MRNA,MRNA,2024,Q3,30/09/2024,2024,Q3,12,FY2024 covers Jan 2024 to Dec 2024,19/05/2026,USD,No,1.0,1862000000.0,1137000000.0,281000000.0,1644000000.0,1862.0,1137.0,281.0,1644.0,26517.23,SEC_EDGAR,US_SEC_FIRST,GAAP,False,No,Derived,No,Yes,,,Market_Cap approx: historical price x current shares. | [YTD->Discrete] Q3 was 9M cumulative from SEC XBRL. Corrected: Q3 = 9M - H1 (Revenue/R&D/SGA).,True,False
CMP-028,MRNA,"Moderna, Inc.",NASDAQ,MRNA,MRNA,2024,Q4,31/12/2024,2024,Q4,12,FY2024 covers Jan 2024 to Dec 2024,19/05/2026,USD,No,1.0,966000000.0,1122000000.0,351000000.0,1927000000.0,966.0,1122.0,351.0,1927.0,16498.37,SEC_EDGAR,US_SEC_FIRST,GAAP,False,No,Derived,No,Yes,,,Source: Derived (FY - Q3_YTD) | §4 Conditional.,True,False
CMP-029,CSL,CSL Limited,ASX,CSL,CSL.AX,2026,9M,31/03/2026,2026,Q1,6,FY2026 covers Jul 2025 to Jun 2026,19/05/2026,AUD,Yes,0.68459,1052100000.0,12100000.0,182900000.0,771300000.0,720.26,8.28,125.21,528.02,67421.23,yfinance,YF_THEN_MANUAL,IFRS,False,No,Complete,No,No,,,Market_Cap approx: historical price x current shares.| Fiscal-year note: FY2026 covers Jul 2025 to Jun 2026. | [CADENCE_VERIFIED] Company does not disclose full quarterly financial statements for the flagged periods; dashboard should label cadence rather than fabricate missing quarters. Zero-Force policy applied.,False,True
CMP-029,CSL,CSL Limited,ASX,CSL,CSL.AX,2026,FY,31/12/2025,2025,Q4,6,FY2026 covers Jul 2025 to Jun 2026,19/05/2026,AUD,Yes,0.6698,5019900000.0,47100000.0,790100000.0,1112100000.0,3362.33,31.55,529.21,744.88,81631.95,yfinance,YF_THEN_MANUAL,IFRS,False,No,Complete,No,No,,,Market_Cap approx: historical price x current shares.| Fiscal-year note: FY2026 covers Jul 2025 to Jun 2026. | [AUDIT §7] Fiscal-period mismatch: Period_Type does not align with Quarter_End_Date and Fiscal_Year_End. | [CADENCE_VERIFIED] Company does not disclose full quarterly financial statements for the flagged periods; dashboard should label cadence rather than fabricate missing quarters. Zero-Force policy applied.,False,True
CMP-029,CSL,CSL Limited,ASX,CSL,CSL.AX,2026,H1,31/12/2025,2025,Q4,6,FY2026 covers Jul 2025 to Jun 2026,19/05/2026,AUD,Yes,0.6698,1127700000.0,12900000.0,190600000.0,1112100000.0,755.33,8.64,127.66,744.88,81631.95,yfinance,YF_THEN_MANUAL,IFRS,False,No,Complete,No,No,,,Market_Cap approx: historical price x current shares.| Fiscal-year note: FY2026 covers Jul 2025 to Jun 2026. | [CADENCE_VERIFIED] Company does not disclose full quarterly financial statements for the flagged periods; dashboard should label cadence rather than fabricate missing quarters. Zero-Force policy applied.,False,True
CMP-029,CSL,CSL Limited,ASX,CSL,CSL.AX,2026,Q1,30/09/2025,2025,Q3,6,FY2026 covers Jul 2025 to Jun 2026,19/05/2026,AUD,Yes,0.658198,1346900000.0,12400000.0,191300000.0,1105000000.0,886.53,8.16,125.91,727.31,93712.44,yfinance,YF_THEN_MANUAL,IFRS,False,No,Complete,No,No,,,Market_Cap approx: historical price x current shares.| Fiscal-year note: FY2026 covers Jul 2025 to Jun 2026. | [CADENCE_VERIFIED] Company does not disclose full quarterly financial statements for the flagged periods; dashboard should label cadence rather than fabricate missing quarters. Zero-Force policy applied.,False,True
CMP-029,CSL,CSL Limited,ASX,CSL,CSL.AX,2026,Q1,31/03/2026,2026,Q1,6,FY2026 covers Jul 2025 to Jun 2026,17/05/2026,AUD,Yes,0.68459,1052100000.0,12100000.0,182900000.0,771300000.0,720.26,8.28,125.21,528.02,46155.9,yfinance,YF_THEN_MANUAL,IFRS,False,No,Complete,No,No,,,Market_Cap approx: historical price x current shares.| [CSL_ALIGNMENT] FY_End_Month=12 stored but CSL FY ends June 30. Quarters aligned to calendar year. Needs Company_Master fix→6 before next re-fetch. | [MARKET_CAP_FIX] Convert local-currency market cap from AUD millions to USD millions using row/date FX. Old=67421.23; New=46155.90. | [CADENCE_VERIFIED] Company does not disclose full quarterly financial statements for the flagged periods; dashboard should label cadence rather than fabricate missing quarters. Zero-Force policy applied.,False,True
CMP-029,CSL,CSL Limited,ASX,CSL,CSL.AX,2026,Q4,31/12/2025,2025,Q4,6,FY2026 covers Jul 2025 to Jun 2026,19/05/2026,AUD,Yes,0.6698,3967800000.0,35000000.0,607200000.0,1112100000.0,2657.63,23.44,406.7,744.88,81631.95,yfinance,YF_THEN_MANUAL,IFRS,False,No,Derived,No,Yes,,,"Source: Derived (FY-9M) | §4 Conditional Derivation. | [AUDIT §7] Fiscal-period mismatch: Period_Type does not align with Quarter_End_Date and Fiscal_Year_End. | [FX_FIX] Corrected on 19/05/2026. Old value: Q_Revenue=2642.07, Q_SGA=404.0. Source: Mathematical alignment with Raw values and FX. | [CADENCE_VERIFIED] Company does not disclose full quarterly financial statements for the flagged periods; dashboard should label cadence rather than fabricate missing quarters. Zero-Force policy applied.",True,True
CMP-029,CSL,CSL Limited,ASX,CSL,CSL.AX,2025,9M,31/03/2025,2025,Q1,6,FY2025 covers Jul 2024 to Jun 2025,19/05/2026,AUD,Yes,0.628291,1095800000.0,10700000.0,202100000.0,220200000.0,688.48,6.72,126.98,138.35,116510.14,yfinance,YF_THEN_MANUAL,IFRS,False,No,Complete,No,No,,,Market_Cap approx: historical price x current shares.| Fiscal-year note: FY2025 covers Jul 2024 to Jun 2025. | [CADENCE_VERIFIED] Company does not disclose full quarterly financial statements for the flagged periods; dashboard should label cadence rather than fabricate missing quarters. Zero-Force policy applied.,False,True
CMP-029,CSL,CSL Limited,ASX,CSL,CSL.AX,2025,FY,30/06/2025,2025,Q2,6,FY2025 covers Jul 2024 to Jun 2025,19/05/2026,AUD,Yes,0.653322,1449500000.0,11100000.0,206100000.0,68400000.0,946.99,7.25,134.65,44.69,111929.75,yfinance,YF_THEN_MANUAL,IFRS,False,No,Complete,No,No,,,Market_Cap approx: historical price x current shares.| Fiscal-year note: FY2025 covers Jul 2024 to Jun 2025. | [CADENCE_VERIFIED] Company does not disclose full quarterly financial statements for the flagged periods; dashboard should label cadence rather than fabricate missing quarters. Zero-Force policy applied.,False,True
CMP-029,CSL,CSL Limited,ASX,CSL,CSL.AX,2025,Q1,31/03/2025,2025,Q1,6,FY2025 covers Jul 2024 to Jun 2025,17/05/2026,AUD,Yes,0.628291,1095800000.0,10700000.0,202100000.0,220200000.0,688.48,6.72,126.98,138.35,73202.27,yfinance,YF_THEN_MANUAL,IFRS,False,No,Complete,No,No,,,Market_Cap approx: historical price x current shares.| [CSL_ALIGNMENT] FY_End_Month=12 stored but CSL FY ends June 30. Quarters aligned to calendar year. Needs Company_Master fix→6 before next re-fetch. | [MARKET_CAP_FIX] Convert local-currency market cap from AUD millions to USD millions using row/date FX. Old=116510.14; New=73202.27. | [CADENCE_VERIFIED] Company does not disclose full quarterly financial statements for the flagged periods; dashboard should label cadence rather than fabricate missing quarters. Zero-Force policy applied.,False,True
CMP-029,CSL,CSL Limited,ASX,CSL,CSL.AX,2025,Q2,30/06/2025,2025,Q2,6,FY2025 covers Jul 2024 to Jun 2025,17/05/2026,AUD,Yes,0.653322,1449500000.0,11100000.0,206100000.0,68400000.0,946.99,7.25,134.65,44.69,73126.17,yfinance,YF_THEN_MANUAL,IFRS,False,No,Complete,No,No,,,Market_Cap approx: historical price x current shares.| [CSL_ALIGNMENT] FY_End_Month=12 stored but CSL FY ends June 30. Quarters aligned to calendar year. Needs Company_Master fix→6 before next re-fetch. | [MARKET_CAP_FIX] Convert local-currency market cap from AUD millions to USD millions using row/date FX. Old=111929.75; New=73126.17. | [CADENCE_VERIFIED] Company does not disclose full quarterly financial statements for the flagged periods; dashboard should label cadence rather than fabricate missing quarters. Zero-Force policy applied.,False,True
CMP-029,CSL,CSL Limited,ASX,CSL,CSL.AX,2025,Q4,30/06/2025,2025,Q2,6,FY2025 covers Jul 2024 to Jun 2025,19/05/2026,AUD,Yes,0.653322,353700000.0,400000.0,4000000.0,68400000.0,231.08,0.26,2.61,44.69,111929.75,yfinance,YF_THEN_MANUAL,IFRS,False,No,Derived,No,Yes,,,"Source: Derived (FY-9M) | §4 Conditional Derivation. | [FX_FIX] Corrected on 19/05/2026. Old value: Q_Revenue=258.51, Q_SGA=7.67. Source: Mathematical alignment with Raw values and FX. | [CADENCE_VERIFIED] Company does not disclose full quarterly financial statements for the flagged periods; dashboard should label cadence rather than fabricate missing quarters. Zero-Force policy applied.",True,True
CMP-029,CSL,CSL Limited,ASX,CSL,CSL.AX,2024,FY,31/12/2023,2023,Q4,6,FY2024 covers Jul 2023 to Jun 2024,19/05/2026,AUD,Yes,0.682049,4586900000.0,28700000.0,536400000.0,576700000.0,3128.49,19.57,365.85,393.34,131879.42,yfinance,YF_THEN_MANUAL,IFRS,False,No,Complete,No,No,,,Market_Cap approx: historical price x current shares.| Fiscal-year note: FY2024 covers Jul 2023 to Jun 2024. | [AUDIT §7] Fiscal-period mismatch: Period_Type does not align with Quarter_End_Date and Fiscal_Year_End. | [CADENCE_VERIFIED] Company does not disclose full quarterly financial statements for the flagged periods; dashboard should label cadence rather than fabricate missing quarters. Zero-Force policy applied.,False,True
CMP-030,HLN.L,Haleon plc,LSE,HLN.L,HLN.L,2026,Q1,31/03/2026,2026,Q1,12,FY2026 covers Jan 2026 to Dec 2026,17/05/2026,GBP,Yes,1.27,2857000000.0,,,,3628.39,,,,43654.14,Manual_PDF,MANUAL_IR,IFRS,False,Yes,Partial_Revenue_Only,No,Yes,,,"[PDF_VERIFIED] Confirmed against Haleon plc Q1 2026 Trading Statement, page 1, April 29, 2026. | Manual PDF extraction from Q1 2026 Trading Statement. Partial data (Revenue only published). Used FX GBP=1.27. | 5-point temporal requirement waived in favor of Zero-Force Policy (§4). | Market_Cap: Market_Price_Ticker=HLN.L, quoteCurrency=GBP, price@2026-03-31 × current shares (historical shares unavailable). FX=1.31728. | [MARKET_CAP_FIX] LSE GBp/pence market cap unit correction: divide by 100. Old=4365413.81; New=43654.14. | [CADENCE_VERIFIED] Company does not disclose full quarterly financial statements for the flagged periods; dashboard should label cadence rather than fabricate missing quarters. Zero-Force policy applied.",False,True
CMP-030,HLN.L,Haleon plc,LSE,HLN.L,HLN.L,2025,FY,31/12/2025,2025,Q4,12,FY2025 covers Jan 2025 to Dec 2025,19/05/2026,GBP,Yes,1.34672,11030000000.0,316000000.0,4364000000.0,1260000000.0,14854.32,425.56,5877.09,1696.87,3319729.49,yfinance,YF_THEN_MANUAL,IFRS,False,No,Complete,No,No,,,Market_Cap approx: historical price x current shares.| 5-point temporal requirement waived in favor of Zero-Force Policy (§4). | [CADENCE_VERIFIED] Company does not disclose full quarterly financial statements for the flagged periods; dashboard should label cadence rather than fabricate missing quarters. Zero-Force policy applied.,False,True
CMP-030,HLN.L,Haleon plc,LSE,HLN.L,HLN.L,2024,9M,30/09/2024,2024,Q3,12,FY2024 covers Jan 2024 to Dec 2024,19/05/2026,GBP,Yes,1.33833,2780000000.0,76000000.0,1091000000.0,,3720.56,101.71,1460.12,,3479413.59,yfinance,YF_THEN_MANUAL,IFRS,False,No,Complete,No,No,,,Market_Cap approx: historical price x current shares.| 5-point temporal requirement waived in favor of Zero-Force Policy (§4). | [CADENCE_VERIFIED] Company does not disclose full quarterly financial statements for the flagged periods; dashboard should label cadence rather than fabricate missing quarters. Zero-Force policy applied.,False,True
CMP-030,HLN.L,Haleon plc,LSE,HLN.L,HLN.L,2024,FY,31/12/2024,2024,Q4,12,FY2024 covers Jan 2024 to Dec 2024,19/05/2026,GBP,Yes,1.25491,2759000000.0,78000000.0,1106000000.0,2195000000.0,3462.3,97.88,1387.93,2754.53,3342149.63,yfinance,YF_THEN_MANUAL,IFRS,False,No,Complete,No,No,,,Market_Cap approx: historical price x current shares.| 5-point temporal requirement waived in favor of Zero-Force Policy (§4). | [CADENCE_VERIFIED] Company does not disclose full quarterly financial statements for the flagged periods; dashboard should label cadence rather than fabricate missing quarters. Zero-Force policy applied.,False,True
CMP-030,HLN.L,Haleon plc,LSE,HLN.L,HLN.L,2024,Q2,30/06/2024,2024,Q2,12,FY2024 covers Jan 2024 to Dec 2024,19/05/2026,GBP,Yes,1.264862,5694000000.0,144000000.0,2255000000.0,531000000.0,7202.12,182.14,2852.26,671.64,2875299.42,SEC_EDGAR,YF_THEN_MANUAL,IFRS,False,No,Complete,No,No,,,Market_Cap approx: historical price x current shares.| 5-point temporal requirement waived in favor of Zero-Force Policy (§4). | [CADENCE_VERIFIED] Company does not disclose full quarterly financial statements for the flagged periods; dashboard should label cadence rather than fabricate missing quarters. Zero-Force policy applied.,False,True
CMP-031,ALNY,Alnylam Pharmaceuticals,NASDAQ,ALNY,ALNY,2026,Q1,31/03/2026,2026,Q1,12,FY2026 covers Jan 2026 to Dec 2026,17/05/2026,USD,No,1.0,1167000000.0,364866000.0,322551000.0,3009000000.0,1167.0,364.87,322.55,3009.0,44175.3,Manual_PDF,MANUAL_IR,US GAAP,False,Yes,Complete,No,No,,,"[PDF_VERIFIED] Confirmed against Alnylam Q1 2026 Press Release, page 11, April 30, 2026. | Manual PDF extraction from Q1 2026 financial summary. Raw values in Millions of USD. Used FX USD=1.0. | 5-point temporal requirement waived in favor of Zero-Force Policy (§4). | Market_Cap: Market_Price_Ticker=ALNY, quoteCurrency=USD, price@2026-03-31 × current shares (historical shares unavailable). FX=1.0.",False,False
CMP-031,ALNY,Alnylam Pharmaceuticals,NASDAQ,ALNY,ALNY,2025,FY,31/12/2025,2025,Q4,12,FY2025 covers Jan 2025 to Dec 2025,19/05/2026,USD,No,1.0,3713937000.0,1319775000.0,1210713000.0,1657250000.0,3713.94,1319.78,1210.71,1657.25,53091.27,SEC_EDGAR,US_SEC_FIRST,GAAP,False,No,Complete,No,No,,,Market_Cap approx: historical price x current shares.,False,False
CMP-031,ALNY,Alnylam Pharmaceuticals,NASDAQ,ALNY,ALNY,2025,Q1,31/03/2025,2025,Q1,12,FY2025 covers Jan 2025 to Dec 2025,19/05/2026,USD,No,1.0,594189000.0,265122000.0,239949000.0,1019654000.0,594.19,265.12,239.95,1019.65,36051.06,SEC_EDGAR,US_SEC_FIRST,GAAP,False,No,Complete,No,No,,,Market_Cap approx: historical price x current shares.,False,False
CMP-031,ALNY,Alnylam Pharmaceuticals,NASDAQ,ALNY,ALNY,2025,Q2,30/06/2025,2025,Q2,12,FY2025 covers Jan 2025 to Dec 2025,19/05/2026,USD,No,1.0,773689000.0,323621000.0,323314000.0,1113685000.0,773.69,323.62,323.31,1113.68,43537.11,SEC_EDGAR,US_SEC_FIRST,GAAP,False,No,Derived,No,Yes,,,Market_Cap approx: historical price x current shares. | [YTD->Discrete] Q2 was H1 cumulative from SEC XBRL. Corrected: Q2 = H1 - Q1 (Revenue/R&D/SGA).,True,False
CMP-031,ALNY,Alnylam Pharmaceuticals,NASDAQ,ALNY,ALNY,2025,Q3,30/09/2025,2025,Q3,12,FY2025 covers Jan 2025 to Dec 2025,19/05/2026,USD,No,1.0,1249026000.0,358814000.0,322076000.0,1490249000.0,1249.02,358.82,322.08,1490.25,60881.73,SEC_EDGAR,US_SEC_FIRST,GAAP,False,No,Derived,No,Yes,,,Market_Cap approx: historical price x current shares. | [YTD->Discrete] Q3 was 9M cumulative from SEC XBRL. Corrected: Q3 = 9M - H1 (Revenue/R&D/SGA).,True,False
CMP-031,ALNY,Alnylam Pharmaceuticals,NASDAQ,ALNY,ALNY,2025,Q4,31/12/2025,2025,Q4,12,FY2025 covers Jan 2025 to Dec 2025,19/05/2026,USD,No,1.0,1097033000.0,372218000.0,325374000.0,1657250000.0,1097.04,372.22,325.37,1657.25,53091.27,SEC_EDGAR,US_SEC_FIRST,GAAP,False,No,Derived,No,Yes,,,Source: Derived (FY - Q3_YTD) | §4 Conditional.,True,False
CMP-031,ALNY,Alnylam Pharmaceuticals,NASDAQ,ALNY,ALNY,2024,FY,31/12/2024,2024,Q4,12,FY2024 covers Jan 2024 to Dec 2024,19/05/2026,USD,No,1.0,2248243000.0,1126232000.0,975526000.0,966428000.0,2248.24,1126.23,975.53,966.43,31416.84,SEC_EDGAR,US_SEC_FIRST,GAAP,False,No,Complete,No,No,,,Market_Cap approx: historical price x current shares.,False,False
CMP-031,ALNY,Alnylam Pharmaceuticals,NASDAQ,ALNY,ALNY,2024,Q1,31/03/2024,2024,Q1,12,FY2024 covers Jan 2024 to Dec 2024,19/05/2026,USD,No,1.0,494333000.0,260995000.0,210797000.0,681879000.0,494.33,261.0,210.8,681.88,20471.48,SEC_EDGAR,US_SEC_FIRST,GAAP,False,No,Complete,No,No,,,Market_Cap approx: historical price x current shares.,False,False
CMP-031,ALNY,Alnylam Pharmaceuticals,NASDAQ,ALNY,ALNY,2024,Q2,30/06/2024,2024,Q2,12,FY2024 covers Jan 2024 to Dec 2024,19/05/2026,USD,No,1.0,659825000.0,294142000.0,248397000.0,968492000.0,659.83,294.14,248.39,968.49,32486.28,SEC_EDGAR,US_SEC_FIRST,GAAP,False,No,Derived,No,Yes,,,Market_Cap approx: historical price x current shares. | [YTD->Discrete] Q2 was H1 cumulative from SEC XBRL. Corrected: Q2 = H1 - Q1 (Revenue/R&D/SGA).,True,False
CMP-031,ALNY,Alnylam Pharmaceuticals,NASDAQ,ALNY,ALNY,2024,Q3,30/09/2024,2024,Q3,12,FY2024 covers Jan 2024 to Dec 2024,19/05/2026,USD,No,1.0,500919000.0,270926000.0,220993000.0,1099920000.0,500.92,270.92,221.0,1099.92,36719.96,SEC_EDGAR,US_SEC_FIRST,GAAP,False,No,Derived,No,Yes,,,Market_Cap approx: historical price x current shares. | [YTD->Discrete] Q3 was 9M cumulative from SEC XBRL. Corrected: Q3 = 9M - H1 (Revenue/R&D/SGA).,True,False
CMP-031,ALNY,Alnylam Pharmaceuticals,NASDAQ,ALNY,ALNY,2024,Q4,31/12/2024,2024,Q4,12,FY2024 covers Jan 2024 to Dec 2024,19/05/2026,USD,No,1.0,593166000.0,300169000.0,295339000.0,966428000.0,593.16,300.17,295.34,966.43,31416.84,SEC_EDGAR,US_SEC_FIRST,GAAP,False,No,Derived,No,Yes,,,Source: Derived (FY - Q3_YTD) | §4 Conditional.,True,False
CMP-032,SUNPHARMA.NS,Sun Pharmaceutical Industries,NSE,SUNPHARMA.NS,SUNPHARMA.NS,2026,Q1,30/06/2025,2025,Q2,3,FY2026 covers Apr 2025 to Mar 2026,19/05/2026,INR,Yes,0.011702,137861000000.0,,75992400000.0,,1613.25,,889.26,,3981510.98,yfinance,YF_THEN_MANUAL,Ind AS,False,No,Complete,Yes,No,"2025:FY,Q1",Sun Pharmaceutical Industries FY 2025 financial results revenue R&D SG&A cash | Sun Pharmaceutical Industries Q1 2025 financial results revenue R&D SG&A cash,"Market_Cap approx: historical price x current shares. | Missing expected periods this run: 2025:FY,Q1. | Fiscal-year note: FY2026 covers Apr 2025 to Mar 2026.",False,True
CMP-032,SUNPHARMA.NS,Sun Pharmaceutical Industries,NSE,SUNPHARMA.NS,SUNPHARMA.NS,2026,Q3,31/12/2025,2025,Q4,3,FY2026 covers Apr 2025 to Mar 2026,19/05/2026,INR,Yes,0.01114,154691000000.0,,84617300000.0,,1723.25,,942.64,,4099506.6,yfinance,YF_THEN_MANUAL,Ind AS,False,No,Complete,Yes,No,"2025:FY,Q1",Sun Pharmaceutical Industries FY 2025 financial results revenue R&D SG&A cash | Sun Pharmaceutical Industries Q1 2025 financial results revenue R&D SG&A cash,"Market_Cap approx: historical price x current shares. | Missing expected periods this run: 2025:FY,Q1. | Fiscal-year note: FY2026 covers Apr 2025 to Mar 2026.",False,True
CMP-032,SUNPHARMA.NS,Sun Pharmaceutical Industries,NSE,SUNPHARMA.NS,SUNPHARMA.NS,2025,Q2,30/09/2024,2024,Q3,3,FY2025 covers Apr 2024 to Mar 2025,19/05/2026,INR,Yes,0.011945,132642000000.0,,73850600000.0,80125400000.0,1584.41,,882.15,957.1,4550469.4,yfinance,YF_THEN_MANUAL,Ind AS,False,No,Complete,Yes,No,"2025:FY,Q1",Sun Pharmaceutical Industries FY 2025 financial results revenue R&D SG&A cash | Sun Pharmaceutical Industries Q1 2025 financial results revenue R&D SG&A cash,"Market_Cap approx: historical price x current shares. | Missing expected periods this run: 2025:FY,Q1. | Fiscal-year note: FY2025 covers Apr 2024 to Mar 2025.",False,True
CMP-032,SUNPHARMA.NS,Sun Pharmaceutical Industries,NSE,SUNPHARMA.NS,SUNPHARMA.NS,2025,Q3,31/12/2024,2024,Q4,3,FY2025 covers Apr 2024 to Mar 2025,19/05/2026,INR,Yes,0.011657,134369000000.0,,71345900000.0,,1566.34,,831.68,,4455171.4,yfinance,YF_THEN_MANUAL,Ind AS,False,No,Complete,Yes,No,"2025:FY,Q1",Sun Pharmaceutical Industries FY 2025 financial results revenue R&D SG&A cash | Sun Pharmaceutical Industries Q1 2025 financial results revenue R&D SG&A cash,"Market_Cap approx: historical price x current shares. | Missing expected periods this run: 2025:FY,Q1. | Fiscal-year note: FY2025 covers Apr 2024 to Mar 2025.",False,True
CMP-032,SUNPHARMA.NS,Sun Pharmaceutical Industries,NSE,SUNPHARMA.NS,SUNPHARMA.NS,2025,Q4,31/03/2025,2025,Q1,3,FY2025 covers Apr 2024 to Mar 2025,19/05/2026,INR,Yes,0.011691,128156000000.0,,58967500000.0,102688000000.0,1498.27,,689.39,1200.52,4035327.9,yfinance,YF_THEN_MANUAL,Ind AS,False,No,Complete,Yes,No,"2025:FY,Q1",Sun Pharmaceutical Industries FY 2025 financial results revenue R&D SG&A cash | Sun Pharmaceutical Industries Q1 2025 financial results revenue R&D SG&A cash,"Market_Cap approx: historical price x current shares. | Missing expected periods this run: 2025:FY,Q1. | Fiscal-year note: FY2025 covers Apr 2024 to Mar 2025.",False,True
CMP-033,UTHR,United Therapeutics Corporation,NASDAQ,UTHR,UTHR,2026,Q1,31/03/2026,2026,Q1,12,FY2026 covers Jan 2026 to Dec 2026,19/05/2026,USD,No,1.0,781500000.0,138200000.0,184100000.0,1279700000.0,781.5,138.2,184.1,1279.7,25170.06,SEC_EDGAR,US_SEC_FIRST,GAAP,False,No,Complete,No,No,,,Market_Cap approx: historical price x current shares.,False,False
CMP-033,UTHR,United Therapeutics Corporation,NASDAQ,UTHR,UTHR,2025,FY,31/12/2025,2025,Q4,12,FY2025 covers Jan 2025 to Dec 2025,19/05/2026,USD,No,1.0,3182700000.0,550000000.0,755800000.0,1557100000.0,3182.7,550.0,755.8,1557.1,20682.17,SEC_EDGAR,US_SEC_FIRST,GAAP,False,No,Complete,No,No,,,Market_Cap approx: historical price x current shares.,False,False
CMP-033,UTHR,United Therapeutics Corporation,NASDAQ,UTHR,UTHR,2025,Q1,31/03/2025,2025,Q1,12,FY2025 covers Jan 2025 to Dec 2025,19/05/2026,USD,No,1.0,794400000.0,149000000.0,170100000.0,1899900000.0,794.4,149.0,170.1,1899.9,13085.05,SEC_EDGAR,US_SEC_FIRST,GAAP,False,No,Complete,No,No,,,Market_Cap approx: historical price x current shares.,False,False
CMP-033,UTHR,United Therapeutics Corporation,NASDAQ,UTHR,UTHR,2025,Q2,30/06/2025,2025,Q2,12,FY2025 covers Jan 2025 to Dec 2025,19/05/2026,USD,No,1.0,798600000.0,134000000.0,212500000.0,1593100000.0,798.6,134.0,212.5,1593.1,12197.07,SEC_EDGAR,US_SEC_FIRST,GAAP,False,No,Derived,No,Yes,,,Market_Cap approx: historical price x current shares. | [YTD->Discrete] Q2 was H1 cumulative from SEC XBRL. Corrected: Q2 = H1 - Q1 (Revenue/R&D/SGA).,True,False
CMP-033,UTHR,United Therapeutics Corporation,NASDAQ,UTHR,UTHR,2025,Q3,30/09/2025,2025,Q3,12,FY2025 covers Jan 2025 to Dec 2025,19/05/2026,USD,No,1.0,799500000.0,127500000.0,182600000.0,1340100000.0,799.5,127.5,182.6,1340.1,17794.09,SEC_EDGAR,US_SEC_FIRST,GAAP,False,No,Derived,No,Yes,,,Market_Cap approx: historical price x current shares. | [YTD->Discrete] Q3 was 9M cumulative from SEC XBRL. Corrected: Q3 = 9M - H1 (Revenue/R&D/SGA).,True,False
CMP-033,UTHR,United Therapeutics Corporation,NASDAQ,UTHR,UTHR,2025,Q4,31/12/2025,2025,Q4,12,FY2025 covers Jan 2025 to Dec 2025,19/05/2026,USD,No,1.0,790200000.0,139500000.0,190600000.0,1557100000.0,790.2,139.5,190.6,1557.1,20682.17,SEC_EDGAR,US_SEC_FIRST,GAAP,False,No,Derived,No,Yes,,,Source: Derived (FY - Q3_YTD) | §4 Conditional.,True,False
CMP-033,UTHR,United Therapeutics Corporation,NASDAQ,UTHR,UTHR,2024,FY,31/12/2024,2024,Q4,12,FY2024 covers Jan 2024 to Dec 2024,19/05/2026,USD,No,1.0,2877400000.0,481000000.0,709700000.0,1697200000.0,2877.4,481.0,709.7,1697.2,14976.91,SEC_EDGAR,US_SEC_FIRST,GAAP,False,No,Complete,No,No,,,Market_Cap approx: historical price x current shares.,False,False
CMP-033,UTHR,United Therapeutics Corporation,NASDAQ,UTHR,UTHR,2024,Q1,31/03/2024,2024,Q1,12,FY2024 covers Jan 2024 to Dec 2024,19/05/2026,USD,No,1.0,677700000.0,104100000.0,144400000.0,1251500000.0,677.7,104.1,144.4,1251.5,9688.89,SEC_EDGAR,US_SEC_FIRST,GAAP,False,No,Complete,No,No,,,Market_Cap approx: historical price x current shares.,False,False
CMP-033,UTHR,United Therapeutics Corporation,NASDAQ,UTHR,UTHR,2024,Q2,30/06/2024,2024,Q2,12,FY2024 covers Jan 2024 to Dec 2024,19/05/2026,USD,No,1.0,714900000.0,139600000.0,177600000.0,1355700000.0,714.9,139.6,177.6,1355.7,13540.93,SEC_EDGAR,US_SEC_FIRST,GAAP,False,No,Derived,No,Yes,,,Market_Cap approx: historical price x current shares. | [YTD->Discrete] Q2 was H1 cumulative from SEC XBRL. Corrected: Q2 = H1 - Q1 (Revenue/R&D/SGA).,True,False
CMP-033,UTHR,United Therapeutics Corporation,NASDAQ,UTHR,UTHR,2024,Q3,30/09/2024,2024,Q3,12,FY2024 covers Jan 2024 to Dec 2024,19/05/2026,USD,No,1.0,748900000.0,103500000.0,219200000.0,1553900000.0,748.9,103.5,219.2,1553.9,15210.79,SEC_EDGAR,US_SEC_FIRST,GAAP,False,No,Derived,No,Yes,,,Market_Cap approx: historical price x current shares. | [YTD->Discrete] Q3 was 9M cumulative from SEC XBRL. Corrected: Q3 = 9M - H1 (Revenue/R&D/SGA).,True,False
CMP-033,UTHR,United Therapeutics Corporation,NASDAQ,UTHR,UTHR,2024,Q4,31/12/2024,2024,Q4,12,FY2024 covers Jan 2024 to Dec 2024,19/05/2026,USD,No,1.0,735900000.0,133800000.0,168500000.0,1697200000.0,735.9,133.8,168.5,1697.2,14976.91,SEC_EDGAR,US_SEC_FIRST,GAAP,False,No,Derived,No,Yes,,,Source: Derived (FY - Q3_YTD) | §4 Conditional.,True,False
CMP-034,GSK.L,GlaxoSmithKline,NYSE,GSK,GSK,2026,Q1,31/03/2026,2026,Q1,12,FY2026 covers Jan 2026 to Dec 2026,19/05/2026,GBP,Yes,1.31728,7629000000.0,1692000000.0,2119000000.0,3442000000.0,10049.53,2228.84,2791.32,4534.08,109792.31,yfinance,US_SEC_FIRST,IFRS,False,No,Complete,No,No,,,"Market_Cap approx: historical price x current shares. | Missing expected periods this run: 2024:Q1,Q2.",False,True
CMP-034,GSK.L,GlaxoSmithKline,NYSE,GSK,GSK,2025,FY,31/12/2025,2025,Q4,12,FY2025 covers Jan 2025 to Dec 2025,19/05/2026,GBP,Yes,1.34672,32667000000.0,7525000000.0,9088000000.0,3397000000.0,43993.3,10134.07,12238.99,4574.81,96778.63,SEC_EDGAR,US_SEC_FIRST,IFRS,False,No,Complete,No,No,,,"Market_Cap approx: historical price x current shares. | Missing expected periods this run: 2024:Q1,Q2.",False,True
CMP-034,GSK.L,GlaxoSmithKline,NYSE,GSK,GSK,2025,Q1,31/03/2025,2025,Q1,12,FY2025 covers Jan 2025 to Dec 2025,19/05/2026,GBP,Yes,1.293828,7516000000.0,1462000000.0,2070000000.0,4464000000.0,9724.41,1891.58,2678.22,5775.65,74106.87,yfinance,US_SEC_FIRST,IFRS,False,No,Complete,No,No,,,"Market_Cap approx: historical price x current shares. | Missing expected periods this run: 2024:Q1,Q2.",False,True
CMP-034,GSK.L,GlaxoSmithKline,NYSE,GSK,GSK,2025,Q2,30/06/2025,2025,Q2,12,FY2025 covers Jan 2025 to Dec 2025,19/05/2026,GBP,Yes,1.371968,7986000000.0,2024000000.0,2140000000.0,3599000000.0,10956.54,2776.86,2936.01,4937.71,74304.94,yfinance,US_SEC_FIRST,IFRS,False,No,Complete,No,No,,,"Market_Cap approx: historical price x current shares. | Missing expected periods this run: 2024:Q1,Q2.",False,True
CMP-034,GSK.L,GlaxoSmithKline,NYSE,GSK,GSK,2025,Q3,30/09/2025,2025,Q3,12,FY2025 covers Jan 2025 to Dec 2025,19/05/2026,GBP,Yes,1.343725,8547000000.0,1689000000.0,2239000000.0,3296000000.0,11484.82,2269.55,3008.6,4428.92,84436.86,yfinance,US_SEC_FIRST,IFRS,False,No,Complete,No,No,,,"Market_Cap approx: historical price x current shares. | Missing expected periods this run: 2024:Q1,Q2.",False,True
CMP-034,GSK.L,GlaxoSmithKline,NYSE,GSK,GSK,2025,Q4,31/12/2025,2025,Q4,12,FY2025 covers Jan 2025 to Dec 2025,19/05/2026,GBP,Yes,1.34672,8618000000.0,2350000000.0,2639000000.0,3150000000.0,11606.03,3164.79,3553.99,4242.17,96778.63,yfinance,US_SEC_FIRST,IFRS,False,No,Complete,No,No,,,"Market_Cap approx: historical price x current shares. | Missing expected periods this run: 2024:Q1,Q2.",False,True
CMP-034,GSK.L,GlaxoSmithKline,NYSE,GSK,GSK,2024,FY,31/12/2024,2024,Q4,12,FY2024 covers Jan 2024 to Dec 2024,19/05/2026,GBP,Yes,1.25491,31376000000.0,6401000000.0,11015000000.0,3870000000.0,39374.06,8032.68,13822.83,4856.5,63993.35,SEC_EDGAR,US_SEC_FIRST,IFRS,False,No,Complete,No,No,,,"Market_Cap approx: historical price x current shares. | Missing expected periods this run: 2024:Q1,Q2.",False,True
CMP-034,GSK.L,GlaxoSmithKline,NYSE,GSK,GSK,2024,Q3,30/09/2024,2024,Q3,12,FY2024 covers Jan 2024 to Dec 2024,19/05/2026,GBP,Yes,1.33833,,,335000000.0,,,,448.34,,76477.12,yfinance,US_SEC_FIRST,IFRS,False,No,Partial,No,No,,,"Revenue missing for Q3 2024; detail fields exist. Verify source label or add manual revenue fallback. | Market_Cap approx: historical price x current shares. | Missing expected periods this run: 2024:Q1,Q2.",False,True
CMP-034,GSK.L,GlaxoSmithKline,NYSE,GSK,GSK,2024,Q4,31/12/2024,2024,Q4,12,FY2024 covers Jan 2024 to Dec 2024,19/05/2026,GBP,Yes,1.25491,,,-1177000000.0,,,,-1477.03,,63993.35,yfinance,US_SEC_FIRST,IFRS,False,No,Partial,No,No,,,"Revenue missing for Q4 2024; detail fields exist. Verify source label or add manual revenue fallback. | Market_Cap approx: historical price x current shares. | Missing expected periods this run: 2024:Q1,Q2.",False,True
CMP-035,LONN.SW,Lonza,SIX Swiss Exchange,LONN.SW,LONN.SW,2025,FY,31/12/2025,2025,Q4,12,FY2025 covers Jan 2025 to Dec 2025,19/05/2026,CHF,Yes,1.263105,6531000000.0,112000000.0,190000000.0,719000000.0,8249.34,141.47,239.99,908.17,37020.35,yfinance,YF_THEN_MANUAL,IFRS,False,Yes,Complete,No,No,,,Market_Cap approx: historical price x current shares. | 5-point temporal requirement waived in favor of Zero-Force Policy (§4).,False,True
CMP-035,LONN.SW,Lonza,SIX Swiss Exchange,LONN.SW,LONN.SW,2024,FY,31/12/2024,2024,Q4,12,FY2024 covers Jan 2024 to Dec 2024,19/05/2026,CHF,Yes,1.107125,5480000000.0,102000000.0,186000000.0,1111000000.0,6067.05,112.93,205.93,1230.02,36653.35,yfinance,YF_THEN_MANUAL,IFRS,False,Yes,Complete,No,No,,,Market_Cap approx: historical price x current shares. | 5-point temporal requirement waived in favor of Zero-Force Policy (§4).,False,True
CMP-036,LH,LabCorp,NYSE,LH,LH,2026,Q1,31/03/2026,2026,Q1,12,FY2026 covers Jan 2026 to Dec 2026,19/05/2026,USD,No,1.0,3537600000.0,,551000000.0,981100000.0,3537.6,,551.0,981.1,21878.42,SEC_EDGAR,US_SEC_FIRST,GAAP,False,No,Complete,No,No,,,Market_Cap approx: historical price x current shares.,False,False
CMP-036,LH,LabCorp,NYSE,LH,LH,2025,FY,31/12/2025,2025,Q4,12,FY2025 covers Jan 2025 to Dec 2025,19/05/2026,USD,No,1.0,13951700000.0,,2216300000.0,532300000.0,13951.7,,2216.3,532.3,20520.66,SEC_EDGAR,US_SEC_FIRST,GAAP,False,No,Complete,No,No,,,Market_Cap approx: historical price x current shares.,False,False
CMP-036,LH,LabCorp,NYSE,LH,LH,2025,Q1,31/03/2025,2025,Q1,12,FY2025 covers Jan 2025 to Dec 2025,19/05/2026,USD,No,1.0,3345100000.0,,546000000.0,369400000.0,3345.1,,546.0,369.4,18881.97,SEC_EDGAR,US_SEC_FIRST,GAAP,False,No,Complete,No,No,,,Market_Cap approx: historical price x current shares.,False,False
CMP-036,LH,LabCorp,NYSE,LH,LH,2025,Q2,30/06/2025,2025,Q2,12,FY2025 covers Jan 2025 to Dec 2025,19/05/2026,USD,No,1.0,3527300000.0,,579300000.0,647300000.0,3527.3,,579.3,647.3,21359.44,SEC_EDGAR,US_SEC_FIRST,GAAP,False,No,Derived,No,Yes,,,Market_Cap approx: historical price x current shares. | [YTD->Discrete] Q2 was H1 cumulative from SEC XBRL. Corrected: Q2 = H1 - Q1 (Revenue/R&D/SGA).,True,False
CMP-036,LH,LabCorp,NYSE,LH,LH,2025,Q3,30/09/2025,2025,Q3,12,FY2025 covers Jan 2025 to Dec 2025,19/05/2026,USD,No,1.0,3563500000.0,,552400000.0,598100000.0,3563.5,,552.4,598.1,23417.34,SEC_EDGAR,US_SEC_FIRST,GAAP,False,No,Derived,No,Yes,,,Market_Cap approx: historical price x current shares. | [YTD->Discrete] Q3 was 9M cumulative from SEC XBRL. Corrected: Q3 = 9M - H1 (Revenue/R&D/SGA).,True,False
CMP-036,LH,LabCorp,NYSE,LH,LH,2025,Q4,31/12/2025,2025,Q4,12,FY2025 covers Jan 2025 to Dec 2025,19/05/2026,USD,No,1.0,3515800000.0,,538600000.0,532300000.0,3515.8,,538.6,532.3,20520.66,SEC_EDGAR,US_SEC_FIRST,GAAP,False,No,Derived,No,Yes,,,Source: Derived (FY - Q3_YTD) | §4 Conditional.,True,False
CMP-036,LH,LabCorp,NYSE,LH,LH,2024,FY,31/12/2024,2024,Q4,12,FY2024 covers Jan 2024 to Dec 2024,19/05/2026,USD,No,1.0,13008900000.0,,2230000000.0,1518700000.0,13008.9,,2230.0,1518.7,18551.37,SEC_EDGAR,US_SEC_FIRST,GAAP,False,No,Complete,No,No,,,Market_Cap approx: historical price x current shares.,False,False
CMP-036,LH,LabCorp,NYSE,LH,LH,2024,Q1,31/03/2024,2024,Q1,12,FY2024 covers Jan 2024 to Dec 2024,19/05/2026,USD,No,1.0,3176600000.0,,508400000.0,99300000.0,3176.6,,508.4,99.3,17331.9,SEC_EDGAR,US_SEC_FIRST,GAAP,False,No,Complete,No,No,,,Market_Cap approx: historical price x current shares.,False,False
CMP-036,LH,LabCorp,NYSE,LH,LH,2024,Q2,30/06/2024,2024,Q2,12,FY2024 covers Jan 2024 to Dec 2024,19/05/2026,USD,No,1.0,3220900000.0,,557800000.0,265100000.0,3220.9,,557.8,265.1,16332.5,SEC_EDGAR,US_SEC_FIRST,GAAP,False,No,Derived,No,Yes,,,Market_Cap approx: historical price x current shares. | [YTD->Discrete] Q2 was H1 cumulative from SEC XBRL. Corrected: Q2 = H1 - Q1 (Revenue/R&D/SGA).,True,False
CMP-036,LH,LabCorp,NYSE,LH,LH,2024,Q3,30/09/2024,2024,Q3,12,FY2024 covers Jan 2024 to Dec 2024,19/05/2026,USD,No,1.0,3282000000.0,,568600000.0,1517300000.0,3282.0,,568.6,1517.3,18024.98,SEC_EDGAR,US_SEC_FIRST,GAAP,False,No,Derived,No,Yes,,,Market_Cap approx: historical price x current shares. | [YTD->Discrete] Q3 was 9M cumulative from SEC XBRL. Corrected: Q3 = 9M - H1 (Revenue/R&D/SGA).,True,False
CMP-036,LH,LabCorp,NYSE,LH,LH,2024,Q4,31/12/2024,2024,Q4,12,FY2024 covers Jan 2024 to Dec 2024,19/05/2026,USD,No,1.0,3329400000.0,,595200000.0,1518700000.0,3329.4,,595.2,1518.7,18551.37,SEC_EDGAR,US_SEC_FIRST,GAAP,False,No,Derived,No,Yes,,,Source: Derived (FY - Q3_YTD) | §4 Conditional.,True,False
CMP-037,BNTX,BioNTech,NASDAQ,BNTX,BNTX,2026,Q1,31/03/2026,2026,Q1,12,FY2026 covers Jan 2026 to Dec 2026,19/05/2026,EUR,Yes,1.146,118100000.0,557000000.0,150800000.0,16763300000.0,135.34,638.32,172.82,19210.74,22476.35,yfinance,ADR_FPI,IFRS,False,No,Complete,No,No,,,[SOURCE_OVERRIDE] BioNTech Q1 2026 values verified from company Q1 2026 financial results; EUR financial statement values converted once to USD. ADR quote currency only applies to market cap.,False,True
CMP-037,BNTX,BioNTech,NASDAQ,BNTX,BNTX,2025,FY,31/12/2025,2025,Q4,12,FY2025 covers Jan 2025 to Dec 2025,19/05/2026,EUR,Yes,1.174729,2869900000.0,2104900000.0,514400000.0,7675400000.0,3371.35,2472.69,604.28,9016.51,24074.58,SEC_EDGAR,ADR_FPI,IFRS,False,No,Complete,No,No,,,Market_Cap approx: historical price x current shares.,False,True
CMP-037,BNTX,BioNTech,NASDAQ,BNTX,BNTX,2025,Q1,31/03/2025,2025,Q1,12,FY2025 covers Jan 2025 to Dec 2025,19/05/2026,EUR,Yes,1.082392,182800000.0,525600000.0,13700000.0,10184900000.0,197.86,568.91,14.83,11024.05,23027.64,yfinance,ADR_FPI,IFRS,False,No,Complete,No,No,,,Market_Cap approx: historical price x current shares.,False,True
CMP-037,BNTX,BioNTech,NASDAQ,BNTX,BNTX,2025,Q2,30/06/2025,2025,Q2,12,FY2025 covers Jan 2025 to Dec 2025,19/05/2026,EUR,Yes,1.172745,260800000.0,509100000.0,19700000.0,10269500000.0,305.85,597.04,23.1,12043.5,26924.59,yfinance,ADR_FPI,IFRS,False,No,Complete,No,No,,,Market_Cap approx: historical price x current shares.,False,True
CMP-037,BNTX,BioNTech,NASDAQ,BNTX,BNTX,2025,Q3,30/09/2025,2025,Q3,12,FY2025 covers Jan 2025 to Dec 2025,19/05/2026,EUR,Yes,1.173144,1518900000.0,564800000.0,27300000.0,10092900000.0,1781.89,662.59,32.03,11840.43,24939.45,yfinance,ADR_FPI,IFRS,False,No,Complete,No,No,,,Market_Cap approx: historical price x current shares.,False,True
CMP-037,BNTX,BioNTech,NASDAQ,BNTX,BNTX,2025,Q4,31/12/2025,2025,Q4,12,FY2025 covers Jan 2025 to Dec 2025,19/05/2026,EUR,Yes,1.174729,907400000.0,505400000.0,49300000.0,7675400000.0,1065.95,593.71,57.91,9016.51,24074.58,yfinance,ADR_FPI,IFRS,False,No,Complete,No,No,,,Market_Cap approx: historical price x current shares.,False,True
CMP-037,BNTX,BioNTech,NASDAQ,BNTX,BNTX,2024,FY,31/12/2024,2024,Q4,12,FY2024 covers Jan 2024 to Dec 2024,19/05/2026,EUR,Yes,1.040615,2751100000.0,2254200000.0,599000000.0,17359200000.0,2862.84,2345.75,623.33,18064.24,28816.16,SEC_EDGAR,ADR_FPI,IFRS,False,No,Complete,No,No,,,"[PDF_VERIFIED] Sourced from BioNTech company financial report; EUR financial statement values converted once to USD. ADR quote currency only applies to market cap. | Updated SGA to include Sales and marketing expenses, and Cash to include security investments for consistency with Q1-Q3.",False,True
CMP-037,BNTX,BioNTech,NASDAQ,BNTX,BNTX,2024,Q1,31/03/2024,2024,Q1,12,FY2024 covers Jan 2024 to Dec 2024,19/05/2026,EUR,Yes,1.079273,187600000.0,507500000.0,132600000.0,16939300000.0,202.47,547.73,143.11,18282.13,23548.58,Manual_PDF,ADR_FPI,IFRS,False,BioNTech company financial report,Complete,No,No,,,[PDF_VERIFIED] Sourced from BioNTech company financial report; EUR financial statement values converted once to USD. ADR quote currency only applies to market cap.,False,True
CMP-037,BNTX,BioNTech,NASDAQ,BNTX,BNTX,2024,Q2,30/06/2024,2024,Q2,12,FY2024 covers Jan 2024 to Dec 2024,19/05/2026,EUR,Yes,1.073526,128700000.0,584600000.0,183800000.0,18485100000.0,138.16,627.58,197.31,19844.24,19934.87,Manual_PDF,ADR_FPI,IFRS,False,BioNTech company financial report,Complete,No,No,,,[PDF_VERIFIED] Sourced from BioNTech company financial report; EUR financial statement values converted once to USD. ADR quote currency only applies to market cap.,False,True
CMP-037,BNTX,BioNTech,NASDAQ,BNTX,BNTX,2024,Q3,30/09/2024,2024,Q3,12,FY2024 covers Jan 2024 to Dec 2024,19/05/2026,EUR,Yes,1.116982,1244800000.0,550300000.0,150500000.0,17839800000.0,1390.42,614.68,168.11,19926.74,30035.06,Manual_PDF,ADR_FPI,IFRS,False,BioNTech company financial report,Complete,No,No,,,[PDF_VERIFIED] Sourced from BioNTech company financial report; EUR financial statement values converted once to USD. ADR quote currency only applies to market cap.,False,True
CMP-037,BNTX,BioNTech,NASDAQ,BNTX,BNTX,2024,Q4,31/12/2024,2024,Q4,12,FY2024 covers Jan 2024 to Dec 2024,17/05/2026,EUR,Yes,1.040615,1190000000.0,611800000.0,132100000.0,17359200000.0,1238.33,636.65,137.47,18064.24,28816.16,Manual_PDF,ADR_FPI,IFRS,False,No,Derived,No,Yes,,,"[PDF_VERIFIED] Sourced standalone Q4 2024 financials manually from company Q4 press release (March 10, 2025). | Derived flow metrics from FY minus 9M. Updated cash to include security investments for consistency.",True,True
CMP-038,ABT,Abbott Laboratories,NYSE,ABT,ABT,2026,Q1,31/03/2026,2026,Q1,12,FY2026 covers Jan 2026 to Dec 2026,19/05/2026,USD,No,1.0,11164000000.0,767000000.0,3740000000.0,6803000000.0,11164.0,767.0,3740.0,6803.0,177717.02,SEC_EDGAR,US_SEC_FIRST,GAAP,False,No,Complete,No,No,,,Market_Cap approx: historical price x current shares.,False,False
CMP-038,ABT,Abbott Laboratories,NYSE,ABT,ABT,2025,FY,31/12/2025,2025,Q4,12,FY2025 covers Jan 2025 to Dec 2025,19/05/2026,USD,No,1.0,44328000000.0,2942000000.0,12332000000.0,8522000000.0,44328.0,2942.0,12332.0,8522.0,215778.17,SEC_EDGAR,US_SEC_FIRST,GAAP,False,No,Complete,No,No,,,Market_Cap approx: historical price x current shares.,False,False
CMP-038,ABT,Abbott Laboratories,NYSE,ABT,ABT,2025,Q1,31/03/2025,2025,Q1,12,FY2025 covers Jan 2025 to Dec 2025,19/05/2026,USD,No,1.0,10358000000.0,716000000.0,3061000000.0,6532000000.0,10358.0,716.0,3061.0,6532.0,225382.0,SEC_EDGAR,US_SEC_FIRST,GAAP,False,No,Complete,No,No,,,Market_Cap approx: historical price x current shares.,False,False
CMP-038,ABT,Abbott Laboratories,NYSE,ABT,ABT,2025,Q2,30/06/2025,2025,Q2,12,FY2025 covers Jan 2025 to Dec 2025,19/05/2026,USD,No,1.0,11142000000.0,725000000.0,3091000000.0,6951000000.0,11142.0,725.0,3091.0,6951.0,232161.35,SEC_EDGAR,US_SEC_FIRST,GAAP,False,No,Derived,No,Yes,,,Market_Cap approx: historical price x current shares. | [YTD->Discrete] Q2 was H1 cumulative from SEC XBRL. Corrected: Q2 = H1 - Q1 (Revenue/R&D/SGA).,True,False
CMP-038,ABT,Abbott Laboratories,NYSE,ABT,ABT,2025,Q3,30/09/2025,2025,Q3,12,FY2025 covers Jan 2025 to Dec 2025,19/05/2026,USD,No,1.0,11369000000.0,766000000.0,3051000000.0,7511000000.0,11369.0,766.0,3051.0,7511.0,229654.25,SEC_EDGAR,US_SEC_FIRST,GAAP,False,No,Derived,No,Yes,,,Market_Cap approx: historical price x current shares. | [YTD->Discrete] Q3 was 9M cumulative from SEC XBRL. Corrected: Q3 = 9M - H1 (Revenue/R&D/SGA).,True,False
CMP-038,ABT,Abbott Laboratories,NYSE,ABT,ABT,2025,Q4,31/12/2025,2025,Q4,12,FY2025 covers Jan 2025 to Dec 2025,19/05/2026,USD,No,1.0,11459000000.0,735000000.0,3129000000.0,8522000000.0,11459.0,735.0,3129.0,8522.0,215778.17,SEC_EDGAR,US_SEC_FIRST,GAAP,False,No,Derived,No,Yes,,,Source: Derived (FY - Q3_YTD) | §4 Conditional.,True,False
CMP-038,ABT,Abbott Laboratories,NYSE,ABT,ABT,2024,FY,31/12/2024,2024,Q4,12,FY2024 covers Jan 2024 to Dec 2024,19/05/2026,USD,No,1.0,41950000000.0,2844000000.0,11697000000.0,7616000000.0,41950.0,2844.0,11697.0,7616.0,191178.9,SEC_EDGAR,US_SEC_FIRST,GAAP,False,No,Complete,No,No,,,Market_Cap approx: historical price x current shares.,False,False
CMP-038,ABT,Abbott Laboratories,NYSE,ABT,ABT,2024,Q1,31/03/2024,2024,Q1,12,FY2024 covers Jan 2024 to Dec 2024,19/05/2026,USD,No,1.0,9964000000.0,684000000.0,2959000000.0,6284000000.0,9964.0,684.0,2959.0,6284.0,186645.42,SEC_EDGAR,US_SEC_FIRST,GAAP,False,No,Complete,No,No,,,Market_Cap approx: historical price x current shares.,False,False
CMP-038,ABT,Abbott Laboratories,NYSE,ABT,ABT,2024,Q2,30/06/2024,2024,Q2,12,FY2024 covers Jan 2024 to Dec 2024,19/05/2026,USD,No,1.0,10377000000.0,698000000.0,2936000000.0,6987000000.0,10377.0,698.0,2936.0,6987.0,172694.57,SEC_EDGAR,US_SEC_FIRST,GAAP,False,No,Derived,No,Yes,,,Market_Cap approx: historical price x current shares. | [YTD->Discrete] Q2 was H1 cumulative from SEC XBRL. Corrected: Q2 = H1 - Q1 (Revenue/R&D/SGA).,True,False
CMP-038,ABT,Abbott Laboratories,NYSE,ABT,ABT,2024,Q3,30/09/2024,2024,Q3,12,FY2024 covers Jan 2024 to Dec 2024,19/05/2026,USD,No,1.0,10635000000.0,713000000.0,2895000000.0,7558000000.0,10635.0,713.0,2895.0,7558.0,191796.16,SEC_EDGAR,US_SEC_FIRST,GAAP,False,No,Derived,No,Yes,,,Market_Cap approx: historical price x current shares. | [YTD->Discrete] Q3 was 9M cumulative from SEC XBRL. Corrected: Q3 = 9M - H1 (Revenue/R&D/SGA).,True,False
CMP-038,ABT,Abbott Laboratories,NYSE,ABT,ABT,2024,Q4,31/12/2024,2024,Q4,12,FY2024 covers Jan 2024 to Dec 2024,19/05/2026,USD,No,1.0,10974000000.0,749000000.0,2907000000.0,7616000000.0,10974.0,749.0,2907.0,7616.0,191178.9,SEC_EDGAR,US_SEC_FIRST,GAAP,False,No,Derived,No,Yes,,,Source: Derived (FY - Q3_YTD) | §4 Conditional.,True,False
CMP-039,CVS,CVS Health Corporation,NYSE,CVS,CVS,2026,Q1,31/03/2026,2026,Q1,12,FY2026 covers Jan 2026 to Dec 2026,19/05/2026,USD,No,1.0,100426000000.0,,,9542000000.0,100426.0,,,9542.0,90839.78,SEC_EDGAR,US_SEC_FIRST,GAAP,False,No,Complete,No,No,,,Market_Cap approx: historical price x current shares.,False,False
CMP-039,CVS,CVS Health Corporation,NYSE,CVS,CVS,2025,FY,31/12/2025,2025,Q4,12,FY2025 covers Jan 2025 to Dec 2025,19/05/2026,USD,No,1.0,402067000000.0,,,8453000000.0,402067.0,,,8453.0,99557.44,SEC_EDGAR,US_SEC_FIRST,GAAP,False,No,Complete,No,No,,,Market_Cap approx: historical price x current shares.,False,False
CMP-039,CVS,CVS Health Corporation,NYSE,CVS,CVS,2025,Q1,31/03/2025,2025,Q1,12,FY2025 covers Jan 2025 to Dec 2025,19/05/2026,USD,No,1.0,94588000000.0,,,10076000000.0,94588.0,,,10076.0,82542.99,SEC_EDGAR,US_SEC_FIRST,GAAP,False,No,Complete,No,No,,,Market_Cap approx: historical price x current shares.,False,False
CMP-039,CVS,CVS Health Corporation,NYSE,CVS,CVS,2025,Q2,30/06/2025,2025,Q2,12,FY2025 covers Jan 2025 to Dec 2025,19/05/2026,USD,No,1.0,98915000000.0,,,11787000000.0,98915.0,,,11787.0,84907.99,SEC_EDGAR,US_SEC_FIRST,GAAP,False,No,Derived,No,Yes,,,Market_Cap approx: historical price x current shares. | [YTD->Discrete] Q2 was H1 cumulative from SEC XBRL. Corrected: Q2 = H1 - Q1 (Revenue/R&D/SGA).,True,False
CMP-039,CVS,CVS Health Corporation,NYSE,CVS,CVS,2025,Q3,30/09/2025,2025,Q3,12,FY2025 covers Jan 2025 to Dec 2025,19/05/2026,USD,No,1.0,102871000000.0,,,9098000000.0,102871.0,,,9098.0,93810.15,SEC_EDGAR,US_SEC_FIRST,GAAP,False,No,Derived,No,Yes,,,Market_Cap approx: historical price x current shares. | [YTD->Discrete] Q3 was 9M cumulative from SEC XBRL. Corrected: Q3 = 9M - H1 (Revenue/R&D/SGA).,True,False
CMP-039,CVS,CVS Health Corporation,NYSE,CVS,CVS,2025,Q4,31/12/2025,2025,Q4,12,FY2025 covers Jan 2025 to Dec 2025,19/05/2026,USD,No,1.0,105693000000.0,,,8453000000.0,105693.0,,,8453.0,99557.44,SEC_EDGAR,US_SEC_FIRST,GAAP,False,No,Derived,No,Yes,,,Source: Derived (FY - Q3_YTD) | §4 Conditional.,True,False
CMP-039,CVS,CVS Health Corporation,NYSE,CVS,CVS,2024,FY,31/12/2024,2024,Q4,12,FY2024 covers Jan 2024 to Dec 2024,19/05/2026,USD,No,1.0,372809000000.0,,,8586000000.0,372809.0,,,8586.0,54005.24,SEC_EDGAR,US_SEC_FIRST,GAAP,False,No,Complete,No,No,,,Market_Cap approx: historical price x current shares.,False,False
CMP-039,CVS,CVS Health Corporation,NYSE,CVS,CVS,2024,Q1,31/03/2024,2024,Q1,12,FY2024 covers Jan 2024 to Dec 2024,19/05/2026,USD,No,1.0,88437000000.0,,,9801000000.0,88437.0,,,9801.0,92706.59,SEC_EDGAR,US_SEC_FIRST,GAAP,False,No,Complete,No,No,,,Market_Cap approx: historical price x current shares.,False,False
CMP-039,CVS,CVS Health Corporation,NYSE,CVS,CVS,2024,Q2,30/06/2024,2024,Q2,12,FY2024 covers Jan 2024 to Dec 2024,19/05/2026,USD,No,1.0,91234000000.0,,,12507000000.0,91234.0,,,12507.0,68414.43,SEC_EDGAR,US_SEC_FIRST,GAAP,False,No,Derived,No,Yes,,,Market_Cap approx: historical price x current shares. | [YTD->Discrete] Q2 was H1 cumulative from SEC XBRL. Corrected: Q2 = H1 - Q1 (Revenue/R&D/SGA).,True,False
CMP-039,CVS,CVS Health Corporation,NYSE,CVS,CVS,2024,Q3,30/09/2024,2024,Q3,12,FY2024 covers Jan 2024 to Dec 2024,19/05/2026,USD,No,1.0,95428000000.0,,,6875000000.0,95428.0,,,6875.0,74814.53,SEC_EDGAR,US_SEC_FIRST,GAAP,False,No,Derived,No,Yes,,,Market_Cap approx: historical price x current shares. | [YTD->Discrete] Q3 was 9M cumulative from SEC XBRL. Corrected: Q3 = 9M - H1 (Revenue/R&D/SGA).,True,False
CMP-039,CVS,CVS Health Corporation,NYSE,CVS,CVS,2024,Q4,31/12/2024,2024,Q4,12,FY2024 covers Jan 2024 to Dec 2024,19/05/2026,USD,No,1.0,97710000000.0,,,8586000000.0,97710.0,,,8586.0,54005.24,SEC_EDGAR,US_SEC_FIRST,GAAP,False,No,Derived,No,Yes,,,Source: Derived (FY - Q3_YTD) | §4 Conditional.,True,False
CMP-040,NBIX,Neurocrine Biosciences,NASDAQ,NBIX,NBIX,2026,Q1,31/03/2026,2026,Q1,12,FY2026 covers Jan 2026 to Dec 2026,19/05/2026,USD,No,1.0,814500000.0,296200000.0,318500000.0,266500000.0,814.5,296.2,318.5,266.5,13246.46,SEC_EDGAR,US_SEC_FIRST,GAAP,False,No,Complete,No,No,,,Market_Cap approx: historical price x current shares.,False,False
CMP-040,NBIX,Neurocrine Biosciences,NASDAQ,NBIX,NBIX,2025,FY,31/12/2025,2025,Q4,12,FY2025 covers Jan 2025 to Dec 2025,19/05/2026,USD,No,1.0,2860500000.0,1015700000.0,1156200000.0,713000000.0,2860.5,1015.7,1156.2,713.0,14261.0,SEC_EDGAR,US_SEC_FIRST,GAAP,False,No,Complete,No,No,,,Market_Cap approx: historical price x current shares.,False,False
CMP-040,NBIX,Neurocrine Biosciences,NASDAQ,NBIX,NBIX,2025,Q1,31/03/2025,2025,Q1,12,FY2025 covers Jan 2025 to Dec 2025,19/05/2026,USD,No,1.0,572600000.0,263200000.0,276500000.0,194100000.0,572.6,263.2,276.5,194.1,11120.83,SEC_EDGAR,US_SEC_FIRST,GAAP,False,No,Complete,No,No,,,Market_Cap approx: historical price x current shares.,False,False
CMP-040,NBIX,Neurocrine Biosciences,NASDAQ,NBIX,NBIX,2025,Q2,30/06/2025,2025,Q2,12,FY2025 covers Jan 2025 to Dec 2025,19/05/2026,USD,No,1.0,687500000.0,244300000.0,286300000.0,264000000.0,687.5,244.3,286.3,264.0,12638.13,SEC_EDGAR,US_SEC_FIRST,GAAP,False,No,Derived,No,Yes,,,Market_Cap approx: historical price x current shares. | [YTD->Discrete] Q2 was H1 cumulative from SEC XBRL. Corrected: Q2 = H1 - Q1 (Revenue/R&D/SGA).,True,False
CMP-040,NBIX,Neurocrine Biosciences,NASDAQ,NBIX,NBIX,2025,Q3,30/09/2025,2025,Q3,12,FY2025 covers Jan 2025 to Dec 2025,19/05/2026,USD,No,1.0,794900000.0,250000000.0,291600000.0,340200000.0,794.9,250.0,291.6,340.2,14115.21,SEC_EDGAR,US_SEC_FIRST,GAAP,False,No,Derived,No,Yes,,,Market_Cap approx: historical price x current shares. | [YTD->Discrete] Q3 was 9M cumulative from SEC XBRL. Corrected: Q3 = 9M - H1 (Revenue/R&D/SGA).,True,False
CMP-040,NBIX,Neurocrine Biosciences,NASDAQ,NBIX,NBIX,2025,Q4,31/12/2025,2025,Q4,12,FY2025 covers Jan 2025 to Dec 2025,19/05/2026,USD,No,1.0,805500000.0,258200000.0,301800000.0,713000000.0,805.5,258.2,301.8,713.0,14261.0,SEC_EDGAR,US_SEC_FIRST,GAAP,False,No,Derived,No,Yes,,,Source: Derived (FY - Q3_YTD) | §4 Conditional.,True,False
CMP-040,NBIX,Neurocrine Biosciences,NASDAQ,NBIX,NBIX,2024,FY,31/12/2024,2024,Q4,12,FY2024 covers Jan 2024 to Dec 2024,19/05/2026,USD,No,1.0,2355300000.0,731100000.0,1007200000.0,233000000.0,2355.3,731.1,1007.2,233.0,13725.07,SEC_EDGAR,US_SEC_FIRST,GAAP,False,No,Complete,No,No,,,Market_Cap approx: historical price x current shares.,False,False
CMP-040,NBIX,Neurocrine Biosciences,NASDAQ,NBIX,NBIX,2024,Q1,31/03/2024,2024,Q1,12,FY2024 covers Jan 2024 to Dec 2024,19/05/2026,USD,No,1.0,515300000.0,159400000.0,243100000.0,396300000.0,515.3,159.4,243.1,396.3,14215.76,SEC_EDGAR,US_SEC_FIRST,GAAP,False,No,Complete,No,No,,,Market_Cap approx: historical price x current shares.,False,False
CMP-040,NBIX,Neurocrine Biosciences,NASDAQ,NBIX,NBIX,2024,Q2,30/06/2024,2024,Q2,12,FY2024 covers Jan 2024 to Dec 2024,19/05/2026,USD,No,1.0,590200000.0,191100000.0,242000000.0,139700000.0,590.2,191.1,242.0,139.7,14088.06,SEC_EDGAR,US_SEC_FIRST,GAAP,False,No,Derived,No,Yes,,,Market_Cap approx: historical price x current shares. | [YTD->Discrete] Q2 was H1 cumulative from SEC XBRL. Corrected: Q2 = H1 - Q1 (Revenue/R&D/SGA).,True,False
CMP-040,NBIX,Neurocrine Biosciences,NASDAQ,NBIX,NBIX,2024,Q3,30/09/2024,2024,Q3,12,FY2024 covers Jan 2024 to Dec 2024,19/05/2026,USD,No,1.0,622100000.0,195000000.0,234300000.0,349100000.0,622.1,195.0,234.3,349.1,11585.37,SEC_EDGAR,US_SEC_FIRST,GAAP,False,No,Derived,No,Yes,,,Market_Cap approx: historical price x current shares. | [YTD->Discrete] Q3 was 9M cumulative from SEC XBRL. Corrected: Q3 = 9M - H1 (Revenue/R&D/SGA).,True,False
CMP-040,NBIX,Neurocrine Biosciences,NASDAQ,NBIX,NBIX,2024,Q4,31/12/2024,2024,Q4,12,FY2024 covers Jan 2024 to Dec 2024,19/05/2026,USD,No,1.0,627700000.0,185600000.0,287800000.0,233000000.0,627.7,185.6,287.8,233.0,13725.07,SEC_EDGAR,US_SEC_FIRST,GAAP,False,No,Derived,No,Yes,,,Source: Derived (FY - Q3_YTD) | §4 Conditional.,True,False
CMP-041,INCY,Incyte Corporation,NASDAQ,INCY,INCY,2026,Q1,31/03/2026,2026,Q1,12,FY2026 covers Jan 2026 to Dec 2026,19/05/2026,USD,No,1.0,1272676000.0,515903000.0,328087000.0,3461114000.0,1272.68,515.9,328.09,3461.11,18803.5,SEC_EDGAR,US_SEC_FIRST,GAAP,False,No,Complete,No,No,,,Market_Cap approx: historical price x current shares.,False,False
CMP-041,INCY,Incyte Corporation,NASDAQ,INCY,INCY,2025,FY,31/12/2025,2025,Q4,12,FY2025 covers Jan 2025 to Dec 2025,19/05/2026,USD,No,1.0,5141242000.0,2050152000.0,1376206000.0,3097817000.0,5141.24,2050.15,1376.21,3097.82,19732.48,SEC_EDGAR,US_SEC_FIRST,GAAP,False,No,Complete,No,No,,,Market_Cap approx: historical price x current shares.,False,False
CMP-041,INCY,Incyte Corporation,NASDAQ,INCY,INCY,2025,Q1,31/03/2025,2025,Q1,12,FY2025 covers Jan 2025 to Dec 2025,19/05/2026,USD,No,1.0,1052898000.0,437279000.0,325691000.0,1941722000.0,1052.9,437.28,325.69,1941.72,12096.81,SEC_EDGAR,US_SEC_FIRST,GAAP,False,No,Complete,No,No,,,Market_Cap approx: historical price x current shares.,False,False
CMP-041,INCY,Incyte Corporation,NASDAQ,INCY,INCY,2025,Q2,30/06/2025,2025,Q2,12,FY2025 covers Jan 2025 to Dec 2025,19/05/2026,USD,No,1.0,1215529000.0,494917000.0,331022000.0,1954969000.0,1215.53,494.92,331.02,1954.97,13605.16,SEC_EDGAR,US_SEC_FIRST,GAAP,False,No,Derived,No,Yes,,,Market_Cap approx: historical price x current shares. | [YTD->Discrete] Q2 was H1 cumulative from SEC XBRL. Corrected: Q2 = H1 - Q1 (Revenue/R&D/SGA).,True,False
CMP-041,INCY,Incyte Corporation,NASDAQ,INCY,INCY,2025,Q3,30/09/2025,2025,Q3,12,FY2025 covers Jan 2025 to Dec 2025,19/05/2026,USD,No,1.0,1365980000.0,506584000.0,329081000.0,2455006000.0,1365.98,506.58,329.08,2455.01,16943.52,SEC_EDGAR,US_SEC_FIRST,GAAP,False,No,Derived,No,Yes,,,Market_Cap approx: historical price x current shares. | [YTD->Discrete] Q3 was 9M cumulative from SEC XBRL. Corrected: Q3 = 9M - H1 (Revenue/R&D/SGA).,True,False
CMP-041,INCY,Incyte Corporation,NASDAQ,INCY,INCY,2025,Q4,31/12/2025,2025,Q4,12,FY2025 covers Jan 2025 to Dec 2025,19/05/2026,USD,No,1.0,1506835000.0,611372000.0,390412000.0,3097817000.0,1506.83,611.37,390.42,3097.82,19732.48,SEC_EDGAR,US_SEC_FIRST,GAAP,False,No,Derived,No,Yes,,,Source: Derived (FY - Q3_YTD) | §4 Conditional.,True,False
CMP-041,INCY,Incyte Corporation,NASDAQ,INCY,INCY,2024,FY,31/12/2024,2024,Q4,12,FY2024 covers Jan 2024 to Dec 2024,19/05/2026,USD,No,1.0,4241217000.0,2606848000.0,1242157000.0,1687829000.0,4241.22,2606.85,1242.16,1687.83,13798.95,SEC_EDGAR,US_SEC_FIRST,GAAP,False,No,Complete,No,No,,,Market_Cap approx: historical price x current shares.,False,False
CMP-041,INCY,Incyte Corporation,NASDAQ,INCY,INCY,2024,Q1,31/03/2024,2024,Q1,12,FY2024 covers Jan 2024 to Dec 2024,19/05/2026,USD,No,1.0,880889000.0,429260000.0,300256000.0,3346204000.0,880.89,429.26,300.26,3346.2,11315.66,SEC_EDGAR,US_SEC_FIRST,GAAP,False,No,Complete,No,No,,,Market_Cap approx: historical price x current shares.,False,False
CMP-041,INCY,Incyte Corporation,NASDAQ,INCY,INCY,2024,Q2,30/06/2024,2024,Q2,12,FY2024 covers Jan 2024 to Dec 2024,19/05/2026,USD,No,1.0,1043759000.0,1138380000.0,305982000.0,987293000.0,1043.76,1138.38,305.98,987.29,12160.74,SEC_EDGAR,US_SEC_FIRST,GAAP,False,No,Derived,No,Yes,,,Market_Cap approx: historical price x current shares. | [YTD->Discrete] Q2 was H1 cumulative from SEC XBRL. Corrected: Q2 = H1 - Q1 (Revenue/R&D/SGA).,True,False
CMP-041,INCY,Incyte Corporation,NASDAQ,INCY,INCY,2024,Q3,30/09/2024,2024,Q3,12,FY2024 covers Jan 2024 to Dec 2024,19/05/2026,USD,No,1.0,1137871000.0,573174000.0,309209000.0,1304109000.0,1137.87,573.17,309.21,1304.11,13205.6,SEC_EDGAR,US_SEC_FIRST,GAAP,False,No,Derived,No,Yes,,,Market_Cap approx: historical price x current shares. | [YTD->Discrete] Q3 was 9M cumulative from SEC XBRL. Corrected: Q3 = 9M - H1 (Revenue/R&D/SGA).,True,False
CMP-041,INCY,Incyte Corporation,NASDAQ,INCY,INCY,2024,Q4,31/12/2024,2024,Q4,12,FY2024 covers Jan 2024 to Dec 2024,19/05/2026,USD,No,1.0,1178698000.0,466034000.0,326710000.0,1687829000.0,1178.7,466.04,326.71,1687.83,13798.95,SEC_EDGAR,US_SEC_FIRST,GAAP,False,No,Derived,No,Yes,,,Source: Derived (FY - Q3_YTD) | §4 Conditional.,True,False
CMP-042,VTRS,Viatris Inc.,NASDAQ,VTRS,VTRS,2026,Q1,31/03/2026,2026,Q1,12,FY2026 covers Jan 2026 to Dec 2026,19/05/2026,USD,No,1.0,3517000000.0,248600000.0,928800000.0,1804200000.0,3517.0,248.6,928.8,1804.2,15733.11,SEC_EDGAR,US_SEC_FIRST,GAAP,False,No,Complete,No,No,,,Market_Cap approx: historical price x current shares.,False,False
CMP-042,VTRS,Viatris Inc.,NASDAQ,VTRS,VTRS,2025,FY,31/12/2025,2025,Q4,12,FY2025 covers Jan 2025 to Dec 2025,19/05/2026,USD,No,1.0,14299900000.0,965900000.0,3794100000.0,1322400000.0,14299.9,965.9,3794.1,1322.4,14375.81,SEC_EDGAR,US_SEC_FIRST,GAAP,False,No,Complete,No,No,,,Market_Cap approx: historical price x current shares.,False,False
CMP-042,VTRS,Viatris Inc.,NASDAQ,VTRS,VTRS,2025,Q1,31/03/2025,2025,Q1,12,FY2025 covers Jan 2025 to Dec 2025,19/05/2026,USD,No,1.0,3254300000.0,222000000.0,948100000.0,755000000.0,3254.3,222.0,948.1,755.0,9691.53,SEC_EDGAR,US_SEC_FIRST,GAAP,False,No,Complete,No,No,,,Market_Cap approx: historical price x current shares.,False,False
CMP-042,VTRS,Viatris Inc.,NASDAQ,VTRS,VTRS,2025,Q2,30/06/2025,2025,Q2,12,FY2025 covers Jan 2025 to Dec 2025,19/05/2026,USD,No,1.0,3582100000.0,218800000.0,928700000.0,566400000.0,3582.1,218.8,928.7,566.4,10078.61,SEC_EDGAR,US_SEC_FIRST,GAAP,False,No,Derived,No,Yes,,,Market_Cap approx: historical price x current shares. | [YTD->Discrete] Q2 was H1 cumulative from SEC XBRL. Corrected: Q2 = H1 - Q1 (Revenue/R&D/SGA).,True,False
CMP-042,VTRS,Viatris Inc.,NASDAQ,VTRS,VTRS,2025,Q3,30/09/2025,2025,Q3,12,FY2025 covers Jan 2025 to Dec 2025,19/05/2026,USD,No,1.0,3759900000.0,250400000.0,886600000.0,975300000.0,3759.9,250.4,886.6,975.3,11300.22,SEC_EDGAR,US_SEC_FIRST,GAAP,False,No,Derived,No,Yes,,,Market_Cap approx: historical price x current shares. | [YTD->Discrete] Q3 was 9M cumulative from SEC XBRL. Corrected: Q3 = 9M - H1 (Revenue/R&D/SGA).,True,False
CMP-042,VTRS,Viatris Inc.,NASDAQ,VTRS,VTRS,2025,Q4,31/12/2025,2025,Q4,12,FY2025 covers Jan 2025 to Dec 2025,19/05/2026,USD,No,1.0,3703600000.0,274700000.0,1030700000.0,1322400000.0,3703.6,274.7,1030.7,1322.4,14375.81,SEC_EDGAR,US_SEC_FIRST,GAAP,False,No,Derived,No,Yes,,,Source: Derived (FY - Q3_YTD) | §4 Conditional.,True,False
CMP-042,VTRS,Viatris Inc.,NASDAQ,VTRS,VTRS,2024,FY,31/12/2024,2024,Q4,12,FY2024 covers Jan 2024 to Dec 2024,19/05/2026,USD,No,1.0,14739300000.0,808700000.0,4425600000.0,734800000.0,14739.3,808.7,4425.6,734.8,13680.73,SEC_EDGAR,US_SEC_FIRST,GAAP,False,No,Complete,No,No,,,Market_Cap approx: historical price x current shares.,False,False
CMP-042,VTRS,Viatris Inc.,NASDAQ,VTRS,VTRS,2024,Q1,31/03/2024,2024,Q1,12,FY2024 covers Jan 2024 to Dec 2024,19/05/2026,USD,No,1.0,3663400000.0,199700000.0,1017500000.0,1014600000.0,3663.4,199.7,1017.5,1014.6,12726.21,SEC_EDGAR,US_SEC_FIRST,GAAP,False,No,Complete,No,No,,,Market_Cap approx: historical price x current shares.,False,False
CMP-042,VTRS,Viatris Inc.,NASDAQ,VTRS,VTRS,2024,Q2,30/06/2024,2024,Q2,12,FY2024 covers Jan 2024 to Dec 2024,19/05/2026,USD,No,1.0,3796600000.0,204100000.0,1358000000.0,917200000.0,3796.6,204.1,1358.0,917.2,11413.2,SEC_EDGAR,US_SEC_FIRST,GAAP,False,No,Derived,No,Yes,,,Market_Cap approx: historical price x current shares. | [YTD->Discrete] Q2 was H1 cumulative from SEC XBRL. Corrected: Q2 = H1 - Q1 (Revenue/R&D/SGA).,True,False
CMP-042,VTRS,Viatris Inc.,NASDAQ,VTRS,VTRS,2024,Q3,30/09/2024,2024,Q3,12,FY2024 covers Jan 2024 to Dec 2024,19/05/2026,USD,No,1.0,3751200000.0,198400000.0,1003400000.0,1878700000.0,3751.2,198.4,1003.4,1878.7,12642.15,SEC_EDGAR,US_SEC_FIRST,GAAP,False,No,Derived,No,Yes,,,Market_Cap approx: historical price x current shares. | [YTD->Discrete] Q3 was 9M cumulative from SEC XBRL. Corrected: Q3 = 9M - H1 (Revenue/R&D/SGA).,True,False
CMP-042,VTRS,Viatris Inc.,NASDAQ,VTRS,VTRS,2024,Q4,31/12/2024,2024,Q4,12,FY2024 covers Jan 2024 to Dec 2024,19/05/2026,USD,No,1.0,3528100000.0,206500000.0,1046700000.0,734800000.0,3528.1,206.5,1046.7,734.8,13680.73,SEC_EDGAR,US_SEC_FIRST,GAAP,False,No,Derived,No,Yes,,,Source: Derived (FY - Q3_YTD) | §4 Conditional.,True,False
CMP-043,RPRX,Royalty Pharma plc,NASDAQ,RPRX,RPRX,2026,Q1,31/03/2026,2026,Q1,12,FY2026 covers Jan 2026 to Dec 2026,19/05/2026,USD,No,1.0,630576000.0,39790000.0,159490000.0,586395000.0,630.58,39.79,159.49,586.39,21170.28,SEC_EDGAR,US_SEC_FIRST,GAAP,False,No,Complete,No,No,,,Market_Cap approx: historical price x current shares. | [AUDIT §7] Snapshot warning: Market_Cap identical across periods — verify not averaged.,False,False
CMP-043,RPRX,Royalty Pharma plc,NASDAQ,RPRX,RPRX,2025,FY,31/12/2025,2025,Q4,12,FY2025 covers Jan 2025 to Dec 2025,19/05/2026,USD,No,1.0,2378193000.0,452000000.0,573481000.0,618696000.0,2378.19,452.0,573.48,618.7,16963.9,SEC_EDGAR,US_SEC_FIRST,GAAP,False,No,Complete,No,No,,,Market_Cap approx: historical price x current shares.,False,False
CMP-043,RPRX,Royalty Pharma plc,NASDAQ,RPRX,RPRX,2025,Q1,31/03/2025,2025,Q1,12,FY2025 covers Jan 2025 to Dec 2025,19/05/2026,USD,No,1.0,568247000.0,50500000.0,110705000.0,1087720000.0,568.25,50.5,110.7,1087.72,13419.49,SEC_EDGAR,US_SEC_FIRST,GAAP,False,No,Complete,No,No,,,Market_Cap approx: historical price x current shares.,False,False
CMP-043,RPRX,Royalty Pharma plc,NASDAQ,RPRX,RPRX,2025,Q2,30/06/2025,2025,Q2,12,FY2025 covers Jan 2025 to Dec 2025,19/05/2026,USD,No,1.0,578665000.0,300500000.0,179770000.0,631908000.0,578.66,300.5,179.78,631.91,15635.64,SEC_EDGAR,US_SEC_FIRST,GAAP,False,No,Derived,No,Yes,,,Market_Cap approx: historical price x current shares. | [YTD->Discrete] Q2 was H1 cumulative from SEC XBRL. Corrected: Q2 = H1 - Q1 (Revenue/R&D/SGA).,True,False
CMP-043,RPRX,Royalty Pharma plc,NASDAQ,RPRX,RPRX,2025,Q3,30/09/2025,2025,Q3,12,FY2025 covers Jan 2025 to Dec 2025,19/05/2026,USD,No,1.0,609291000.0,50500000.0,118734000.0,938944000.0,609.29,50.5,118.73,938.94,15403.01,SEC_EDGAR,US_SEC_FIRST,GAAP,False,No,Derived,No,Yes,,,Market_Cap approx: historical price x current shares. | [YTD->Discrete] Q3 was 9M cumulative from SEC XBRL. Corrected: Q3 = 9M - H1 (Revenue/R&D/SGA).,True,False
CMP-043,RPRX,Royalty Pharma plc,NASDAQ,RPRX,RPRX,2025,Q4,31/12/2025,2025,Q4,12,FY2025 covers Jan 2025 to Dec 2025,19/05/2026,USD,No,1.0,621990000.0,50500000.0,164272000.0,618696000.0,621.99,50.5,164.27,618.7,16963.9,SEC_EDGAR,US_SEC_FIRST,GAAP,False,No,Derived,No,Yes,,,Source: Derived (FY - Q3_YTD) | §4 Conditional.,True,False
CMP-043,RPRX,Royalty Pharma plc,NASDAQ,RPRX,RPRX,2024,FY,31/12/2024,2024,Q4,12,FY2024 covers Jan 2024 to Dec 2024,19/05/2026,USD,No,1.0,2263576000.0,2000000.0,236671000.0,929026000.0,2263.58,2.0,236.67,929.03,10924.24,SEC_EDGAR,US_SEC_FIRST,GAAP,False,No,Complete,No,No,,,Market_Cap approx: historical price x current shares.,False,False
CMP-043,RPRX,Royalty Pharma plc,NASDAQ,RPRX,RPRX,2024,Q1,31/03/2024,2024,Q1,12,FY2024 covers Jan 2024 to Dec 2024,19/05/2026,USD,No,1.0,567978000.0,500000.0,57652000.0,843000000.0,567.98,0.5,57.65,843.0,12507.97,SEC_EDGAR,US_SEC_FIRST,GAAP,False,No,Complete,No,No,,,Market_Cap approx: historical price x current shares.,False,False
CMP-043,RPRX,Royalty Pharma plc,NASDAQ,RPRX,RPRX,2024,Q2,30/06/2024,2024,Q2,12,FY2024 covers Jan 2024 to Dec 2024,19/05/2026,USD,No,1.0,537267000.0,500000.0,54708000.0,1764644000.0,537.26,0.5,54.71,1764.64,11038.15,SEC_EDGAR,US_SEC_FIRST,GAAP,False,No,Derived,No,Yes,,,Market_Cap approx: historical price x current shares. | [YTD->Discrete] Q2 was H1 cumulative from SEC XBRL. Corrected: Q2 = H1 - Q1 (Revenue/R&D/SGA).,True,False
CMP-043,RPRX,Royalty Pharma plc,NASDAQ,RPRX,RPRX,2024,Q3,30/09/2024,2024,Q3,12,FY2024 covers Jan 2024 to Dec 2024,19/05/2026,USD,No,1.0,564690000.0,500000.0,56720000.0,950052000.0,564.69,0.5,56.72,950.05,12015.27,SEC_EDGAR,US_SEC_FIRST,GAAP,False,No,Derived,No,Yes,,,Market_Cap approx: historical price x current shares. | [YTD->Discrete] Q3 was 9M cumulative from SEC XBRL. Corrected: Q3 = 9M - H1 (Revenue/R&D/SGA).,True,False
CMP-043,RPRX,Royalty Pharma plc,NASDAQ,RPRX,RPRX,2024,Q4,31/12/2024,2024,Q4,12,FY2024 covers Jan 2024 to Dec 2024,19/05/2026,USD,No,1.0,593641000.0,500000.0,67591000.0,929026000.0,593.65,0.5,67.59,929.03,10924.24,SEC_EDGAR,US_SEC_FIRST,GAAP,False,No,Derived,No,Yes,,,Source: Derived (FY - Q3_YTD) | §4 Conditional.,True,False
CMP-044,SMMT,Summit Therapeutics Inc.,NASDAQ,SMMT,SMMT,2026,Q1,31/03/2026,2026,Q1,12,FY2026 covers Jan 2026 to Dec 2026,19/05/2026,USD,No,1.0,,132618000.0,62594000.0,106515000.0,,132.62,62.59,106.52,14716.04,SEC_EDGAR,US_SEC_FIRST,GAAP,False,No,Partial,No,No,,,Market_Cap approx: historical price x current shares. | [AUDIT §7] Snapshot warning: Market_Cap identical across periods — verify not averaged.,False,False
CMP-044,SMMT,Summit Therapeutics Inc.,NASDAQ,SMMT,SMMT,2025,FY,31/12/2025,2025,Q4,12,FY2025 covers Jan 2025 to Dec 2025,19/05/2026,USD,No,1.0,,537674000.0,556750000.0,225266000.0,,537.67,556.75,225.27,13575.08,SEC_EDGAR,US_SEC_FIRST,GAAP,False,No,Partial,No,No,,,Market_Cap approx: historical price x current shares.,False,False
CMP-044,SMMT,Summit Therapeutics Inc.,NASDAQ,SMMT,SMMT,2025,Q1,31/03/2025,2025,Q1,12,FY2025 covers Jan 2025 to Dec 2025,19/05/2026,USD,No,1.0,,51265000.0,15586000.0,211526000.0,,51.27,15.59,211.53,14972.18,SEC_EDGAR,US_SEC_FIRST,GAAP,False,No,Partial,No,No,,,Market_Cap approx: historical price x current shares.,False,False
CMP-044,SMMT,Summit Therapeutics Inc.,NASDAQ,SMMT,SMMT,2025,Q2,30/06/2025,2025,Q2,12,FY2025 covers Jan 2025 to Dec 2025,19/05/2026,USD,No,1.0,,259286000.0,376002000.0,297872000.0,,259.29,376.0,297.87,16516.74,SEC_EDGAR,US_SEC_FIRST,GAAP,False,No,Partial,No,No,,,Market_Cap approx: historical price x current shares.,False,False
CMP-044,SMMT,Summit Therapeutics Inc.,NASDAQ,SMMT,SMMT,2025,Q3,30/09/2025,2025,Q3,12,FY2025 covers Jan 2025 to Dec 2025,19/05/2026,USD,No,1.0,,390382000.0,479117000.0,238554000.0,,390.38,479.12,238.55,16035.52,SEC_EDGAR,US_SEC_FIRST,GAAP,False,No,Partial,No,No,,,Market_Cap approx: historical price x current shares.,False,False
CMP-044,SMMT,Summit Therapeutics Inc.,NASDAQ,SMMT,SMMT,2024,FY,31/12/2024,2024,Q4,12,FY2024 covers Jan 2024 to Dec 2024,19/05/2026,USD,No,1.0,,150777000.0,60527000.0,104862000.0,,150.78,60.53,104.86,13850.62,SEC_EDGAR,US_SEC_FIRST,GAAP,False,No,Partial,No,No,,,Market_Cap approx: historical price x current shares.,False,False
CMP-044,SMMT,Summit Therapeutics Inc.,NASDAQ,SMMT,SMMT,2024,Q1,31/03/2024,2024,Q1,12,FY2024 covers Jan 2024 to Dec 2024,19/05/2026,USD,No,1.0,,30873000.0,11729000.0,61294000.0,,30.87,11.73,61.29,3089.13,SEC_EDGAR,US_SEC_FIRST,GAAP,False,No,Partial,No,No,,,Market_Cap approx: historical price x current shares.,False,False
CMP-044,SMMT,Summit Therapeutics Inc.,NASDAQ,SMMT,SMMT,2024,Q2,30/06/2024,2024,Q2,12,FY2024 covers Jan 2024 to Dec 2024,19/05/2026,USD,No,1.0,,61671000.0,25700000.0,28434000.0,,61.67,25.7,28.43,6317.96,SEC_EDGAR,US_SEC_FIRST,GAAP,False,No,Partial,No,No,,,Market_Cap approx: historical price x current shares.,False,False
CMP-044,SMMT,Summit Therapeutics Inc.,NASDAQ,SMMT,SMMT,2024,Q3,30/09/2024,2024,Q3,12,FY2024 covers Jan 2024 to Dec 2024,19/05/2026,USD,No,1.0,,99395000.0,46090000.0,93775000.0,,99.39,46.09,93.78,16997.96,SEC_EDGAR,US_SEC_FIRST,GAAP,False,No,Partial,No,No,,,Market_Cap approx: historical price x current shares.,False,False
CMP-045,JAZZ,Jazz Pharmaceuticals plc,NASDAQ,JAZZ,JAZZ,2026,Q1,31/03/2026,2026,Q1,12,FY2026 covers Jan 2026 to Dec 2026,19/05/2026,USD,No,1.0,1068900000.0,196000000.0,352700000.0,1844300000.0,1068.9,196.0,352.7,1844.3,11861.53,SEC_EDGAR,US_SEC_FIRST,GAAP,False,No,Complete,No,No,,,Market_Cap approx: historical price x current shares.,False,False
CMP-045,JAZZ,Jazz Pharmaceuticals plc,NASDAQ,JAZZ,JAZZ,2025,FY,31/12/2025,2025,Q4,12,FY2025 covers Jan 2025 to Dec 2025,19/05/2026,USD,No,1.0,4267586000.0,782736000.0,1809271000.0,1391899000.0,4267.59,782.74,1809.27,1391.9,10666.28,SEC_EDGAR,US_SEC_FIRST,GAAP,False,No,Complete,No,No,,,Market_Cap approx: historical price x current shares.,False,False
CMP-045,JAZZ,Jazz Pharmaceuticals plc,NASDAQ,JAZZ,JAZZ,2025,Q1,31/03/2025,2025,Q1,12,FY2025 covers Jan 2025 to Dec 2025,19/05/2026,USD,No,1.0,897841000.0,180652000.0,514013000.0,1861946000.0,897.84,180.65,514.01,1861.95,7789.52,SEC_EDGAR,US_SEC_FIRST,GAAP,False,No,Complete,No,No,,,Market_Cap approx: historical price x current shares.,False,False
CMP-045,JAZZ,Jazz Pharmaceuticals plc,NASDAQ,JAZZ,JAZZ,2025,Q2,30/06/2025,2025,Q2,12,FY2025 covers Jan 2025 to Dec 2025,19/05/2026,USD,No,1.0,1045712000.0,189972000.0,358399000.0,1189880000.0,1045.71,189.97,358.4,1189.88,6658.27,SEC_EDGAR,US_SEC_FIRST,GAAP,False,No,Derived,No,Yes,,,Market_Cap approx: historical price x current shares. | [YTD->Discrete] Q2 was H1 cumulative from SEC XBRL. Corrected: Q2 = H1 - Q1 (Revenue/R&D/SGA).,True,False
CMP-045,JAZZ,Jazz Pharmaceuticals plc,NASDAQ,JAZZ,JAZZ,2025,Q3,30/09/2025,2025,Q3,12,FY2025 covers Jan 2025 to Dec 2025,19/05/2026,USD,No,1.0,1126107000.0,198203000.0,530647000.0,1326070000.0,1126.11,198.21,530.65,1326.07,8269.5,SEC_EDGAR,US_SEC_FIRST,GAAP,False,No,Derived,No,Yes,,,Market_Cap approx: historical price x current shares. | [YTD->Discrete] Q3 was 9M cumulative from SEC XBRL. Corrected: Q3 = 9M - H1 (Revenue/R&D/SGA).,True,False
CMP-045,JAZZ,Jazz Pharmaceuticals plc,NASDAQ,JAZZ,JAZZ,2025,Q4,31/12/2025,2025,Q4,12,FY2025 covers Jan 2025 to Dec 2025,19/05/2026,USD,No,1.0,1197926000.0,213909000.0,406212000.0,1391899000.0,1197.93,213.91,406.21,1391.9,10666.28,SEC_EDGAR,US_SEC_FIRST,GAAP,False,No,Derived,No,Yes,,,Source: Derived (FY - Q3_YTD) | §4 Conditional.,True,False
CMP-045,JAZZ,Jazz Pharmaceuticals plc,NASDAQ,JAZZ,JAZZ,2024,FY,31/12/2024,2024,Q4,12,FY2024 covers Jan 2024 to Dec 2024,19/05/2026,USD,No,1.0,4068950000.0,884000000.0,1385294000.0,2412864000.0,4068.95,884.0,1385.29,2412.86,7726.78,SEC_EDGAR,US_SEC_FIRST,GAAP,False,No,Complete,No,No,,,Market_Cap approx: historical price x current shares.,False,False
CMP-045,JAZZ,Jazz Pharmaceuticals plc,NASDAQ,JAZZ,JAZZ,2024,Q1,31/03/2024,2024,Q1,12,FY2024 covers Jan 2024 to Dec 2024,19/05/2026,USD,No,1.0,901983000.0,222847000.0,351712000.0,1443385000.0,901.98,222.85,351.71,1443.38,7465.14,SEC_EDGAR,US_SEC_FIRST,GAAP,False,No,Complete,No,No,,,Market_Cap approx: historical price x current shares.,False,False
CMP-045,JAZZ,Jazz Pharmaceuticals plc,NASDAQ,JAZZ,JAZZ,2024,Q2,30/06/2024,2024,Q2,12,FY2024 covers Jan 2024 to Dec 2024,19/05/2026,USD,No,1.0,1023825000.0,220734000.0,338523000.0,1355802000.0,1023.83,220.73,338.53,1355.8,6680.23,SEC_EDGAR,US_SEC_FIRST,GAAP,False,No,Derived,No,Yes,,,Market_Cap approx: historical price x current shares. | [YTD->Discrete] Q2 was H1 cumulative from SEC XBRL. Corrected: Q2 = H1 - Q1 (Revenue/R&D/SGA).,True,False
CMP-045,JAZZ,Jazz Pharmaceuticals plc,NASDAQ,JAZZ,JAZZ,2024,Q3,30/09/2024,2024,Q3,12,FY2024 covers Jan 2024 to Dec 2024,19/05/2026,USD,No,1.0,1054969000.0,199919000.0,325772000.0,2218135000.0,1054.97,199.92,325.77,2218.14,6990.18,SEC_EDGAR,US_SEC_FIRST,GAAP,False,No,Derived,No,Yes,,,Market_Cap approx: historical price x current shares. | [YTD->Discrete] Q3 was 9M cumulative from SEC XBRL. Corrected: Q3 = 9M - H1 (Revenue/R&D/SGA).,True,False
CMP-045,JAZZ,Jazz Pharmaceuticals plc,NASDAQ,JAZZ,JAZZ,2024,Q4,31/12/2024,2024,Q4,12,FY2024 covers Jan 2024 to Dec 2024,19/05/2026,USD,No,1.0,1088173000.0,240500000.0,369287000.0,2412864000.0,1088.17,240.5,369.28,2412.86,7726.78,SEC_EDGAR,US_SEC_FIRST,GAAP,False,No,Derived,No,Yes,,,Source: Derived (FY - Q3_YTD) | §4 Conditional.,True,False
CMP-046,RVMD,Revolution Medicines,NASDAQ,RVMD,RVMD,2026,Q1,31/03/2026,2026,Q1,12,FY2026 covers Jan 2026 to Dec 2026,19/05/2026,USD,No,1.0,,343970000.0,101252000.0,440939000.0,,343.97,101.25,440.94,20675.01,SEC_EDGAR,US_SEC_FIRST,GAAP,False,No,Partial,No,No,,,Market_Cap approx: historical price x current shares.,False,False
CMP-046,RVMD,Revolution Medicines,NASDAQ,RVMD,RVMD,2025,FY,31/12/2025,2025,Q4,12,FY2025 covers Jan 2025 to Dec 2025,19/05/2026,USD,No,1.0,,987332000.0,195037000.0,383745000.0,,987.33,195.04,383.75,16933.31,SEC_EDGAR,US_SEC_FIRST,GAAP,False,No,Partial,No,No,,,Market_Cap approx: historical price x current shares.,False,False
CMP-046,RVMD,Revolution Medicines,NASDAQ,RVMD,RVMD,2025,Q1,31/03/2025,2025,Q1,12,FY2025 covers Jan 2025 to Dec 2025,19/05/2026,USD,No,1.0,,205749000.0,35011000.0,333554000.0,,205.75,35.01,333.55,7517.41,SEC_EDGAR,US_SEC_FIRST,GAAP,False,No,Partial,No,No,,,Market_Cap approx: historical price x current shares.,False,False
CMP-046,RVMD,Revolution Medicines,NASDAQ,RVMD,RVMD,2025,Q2,30/06/2025,2025,Q2,12,FY2025 covers Jan 2025 to Dec 2025,19/05/2026,USD,No,1.0,,429883000.0,75591000.0,402438000.0,,429.88,75.59,402.44,7821.42,SEC_EDGAR,US_SEC_FIRST,GAAP,False,No,Partial,No,No,,,Market_Cap approx: historical price x current shares.,False,False
CMP-046,RVMD,Revolution Medicines,NASDAQ,RVMD,RVMD,2025,Q3,30/09/2025,2025,Q3,12,FY2025 covers Jan 2025 to Dec 2025,19/05/2026,USD,No,1.0,,692389000.0,128354000.0,217442000.0,,692.39,128.35,217.44,9928.25,SEC_EDGAR,US_SEC_FIRST,GAAP,False,No,Partial,No,No,,,Market_Cap approx: historical price x current shares.,False,False
CMP-046,RVMD,Revolution Medicines,NASDAQ,RVMD,RVMD,2024,FY,31/12/2024,2024,Q4,12,FY2024 covers Jan 2024 to Dec 2024,19/05/2026,USD,No,1.0,,592225000.0,97299000.0,543064000.0,,592.23,97.3,543.06,9298.97,SEC_EDGAR,US_SEC_FIRST,GAAP,False,No,Partial,No,No,,,Market_Cap approx: historical price x current shares.,False,False
CMP-046,RVMD,Revolution Medicines,NASDAQ,RVMD,RVMD,2024,Q1,31/03/2024,2024,Q1,12,FY2024 covers Jan 2024 to Dec 2024,19/05/2026,USD,No,1.0,,118021000.0,22838000.0,288432000.0,,118.02,22.84,288.43,6735.06,SEC_EDGAR,US_SEC_FIRST,GAAP,False,No,Partial,No,No,,,Market_Cap approx: historical price x current shares.,False,False
CMP-046,RVMD,Revolution Medicines,NASDAQ,RVMD,RVMD,2024,Q2,30/06/2024,2024,Q2,12,FY2024 covers Jan 2024 to Dec 2024,19/05/2026,USD,No,1.0,,252953000.0,44549000.0,275713000.0,,252.95,44.55,275.71,8250.87,SEC_EDGAR,US_SEC_FIRST,GAAP,False,No,Partial,No,No,,,Market_Cap approx: historical price x current shares.,False,False
CMP-046,RVMD,Revolution Medicines,NASDAQ,RVMD,RVMD,2024,Q3,30/09/2024,2024,Q3,12,FY2024 covers Jan 2024 to Dec 2024,19/05/2026,USD,No,1.0,,404129000.0,69085000.0,201262000.0,,404.13,69.08,201.26,9641.25,SEC_EDGAR,US_SEC_FIRST,GAAP,False,No,Partial,No,No,,,Market_Cap approx: historical price x current shares.,False,False
CMP-047,DHR,Cytiva,NASDAQ,DHR,DHR,2026,Q1,27/03/2026,2026,Q1,12,FY2026 covers Jan 2026 to Dec 2026,19/05/2026,USD,No,1.0,5951000000.0,387000000.0,1860000000.0,5701000000.0,5951.0,387.0,1860.0,5701.0,128474.53,SEC_EDGAR,US_SEC_FIRST,GAAP,False,No,Complete,No,No,,,Market_Cap approx: historical price x current shares.,False,False
CMP-047,DHR,Cytiva,NASDAQ,DHR,DHR,2025,FY,31/12/2025,2025,Q4,12,FY2025 covers Jan 2025 to Dec 2025,19/05/2026,USD,No,1.0,24568000000.0,1598000000.0,8235000000.0,4615000000.0,24568.0,1598.0,8235.0,4615.0,161678.21,SEC_EDGAR,US_SEC_FIRST,GAAP,False,No,Complete,No,No,,,Market_Cap approx: historical price x current shares.,False,False
CMP-047,DHR,Cytiva,NASDAQ,DHR,DHR,2025,Q1,28/03/2025,2025,Q1,12,FY2025 covers Jan 2025 to Dec 2025,19/05/2026,USD,No,1.0,5741000000.0,379000000.0,1858000000.0,1993000000.0,5741.0,379.0,1858.0,1993.0,144697.45,SEC_EDGAR,US_SEC_FIRST,GAAP,False,No,Complete,No,No,,,Market_Cap approx: historical price x current shares.,False,False
CMP-047,DHR,Cytiva,NASDAQ,DHR,DHR,2025,Q2,27/06/2025,2025,Q2,12,FY2025 covers Jan 2025 to Dec 2025,19/05/2026,USD,No,1.0,5936000000.0,403000000.0,2360000000.0,2957000000.0,5936.0,403.0,2360.0,2957.0,139964.14,SEC_EDGAR,US_SEC_FIRST,GAAP,False,No,Derived,No,Yes,,,Market_Cap approx: historical price x current shares. | [YTD->Discrete] Q2 was H1 cumulative from SEC XBRL. Corrected: Q2 = H1 - Q1 (Revenue/R&D/SGA).,True,False
CMP-047,DHR,Cytiva,NASDAQ,DHR,DHR,2025,Q3,26/09/2025,2025,Q3,12,FY2025 covers Jan 2025 to Dec 2025,19/05/2026,USD,No,1.0,6053000000.0,378000000.0,1991000000.0,1528000000.0,6053.0,378.0,1991.0,1528.0,130365.56,SEC_EDGAR,US_SEC_FIRST,GAAP,False,No,Derived,No,Yes,,,Market_Cap approx: historical price x current shares. | [YTD->Discrete] Q3 was 9M cumulative from SEC XBRL. Corrected: Q3 = 9M - H1 (Revenue/R&D/SGA).,True,False
CMP-047,DHR,Cytiva,NASDAQ,DHR,DHR,2025,Q4,31/12/2025,2025,Q4,12,FY2025 covers Jan 2025 to Dec 2025,19/05/2026,USD,No,1.0,6838000000.0,438000000.0,2026000000.0,4615000000.0,6838.0,438.0,2026.0,4615.0,161678.21,SEC_EDGAR,US_SEC_FIRST,GAAP,False,No,Derived,No,Yes,,,Source: Derived (FY - Q3_YTD) | §4 Conditional.,True,False
CMP-047,DHR,Cytiva,NASDAQ,DHR,DHR,2024,FY,31/12/2024,2024,Q4,12,FY2024 covers Jan 2024 to Dec 2024,19/05/2026,USD,No,1.0,23875000000.0,1584000000.0,7759000000.0,2078000000.0,23875.0,1584.0,7759.0,2078.0,161111.07,SEC_EDGAR,US_SEC_FIRST,GAAP,False,No,Complete,No,No,,,Market_Cap approx: historical price x current shares.,False,False
CMP-047,DHR,Cytiva,NASDAQ,DHR,DHR,2024,Q1,29/03/2024,2024,Q1,12,FY2024 covers Jan 2024 to Dec 2024,19/05/2026,USD,No,1.0,5796000000.0,368000000.0,1807000000.0,7031000000.0,5796.0,368.0,1807.0,7031.0,173354.43,SEC_EDGAR,US_SEC_FIRST,GAAP,False,No,Complete,No,No,,,Market_Cap approx: historical price x current shares.,False,False
CMP-047,DHR,Cytiva,NASDAQ,DHR,DHR,2024,Q2,28/06/2024,2024,Q2,12,FY2024 covers Jan 2024 to Dec 2024,19/05/2026,USD,No,1.0,5743000000.0,391000000.0,1869000000.0,2374000000.0,5743.0,391.0,1869.0,2374.0,174983.28,SEC_EDGAR,US_SEC_FIRST,GAAP,False,No,Derived,No,Yes,,,Market_Cap approx: historical price x current shares. | [YTD->Discrete] Q2 was H1 cumulative from SEC XBRL. Corrected: Q2 = H1 - Q1 (Revenue/R&D/SGA).,True,False
CMP-047,DHR,Cytiva,NASDAQ,DHR,DHR,2024,Q3,27/09/2024,2024,Q3,12,FY2024 covers Jan 2024 to Dec 2024,19/05/2026,USD,No,1.0,5798000000.0,383000000.0,2060000000.0,2627000000.0,5798.0,383.0,2060.0,2627.0,193093.53,SEC_EDGAR,US_SEC_FIRST,GAAP,False,No,Derived,No,Yes,,,Market_Cap approx: historical price x current shares. | [YTD->Discrete] Q3 was 9M cumulative from SEC XBRL. Corrected: Q3 = 9M - H1 (Revenue/R&D/SGA).,True,False
CMP-047,DHR,Cytiva,NASDAQ,DHR,DHR,2024,Q4,31/12/2024,2024,Q4,12,FY2024 covers Jan 2024 to Dec 2024,19/05/2026,USD,No,1.0,6538000000.0,442000000.0,2023000000.0,2078000000.0,6538.0,442.0,2023.0,2078.0,161111.07,SEC_EDGAR,US_SEC_FIRST,GAAP,False,No,Derived,No,Yes,,,Source: Derived (FY - Q3_YTD) | §4 Conditional.,True,False
CMP-048,BMRN,BioMarin Pharmaceutical,NASDAQ,BMRN,BMRN,2026,Q1,31/03/2026,2026,Q1,12,FY2026 covers Jan 2026 to Dec 2026,19/05/2026,USD,No,1.0,766208000.0,178796000.0,258290000.0,2222435000.0,766.21,178.8,258.29,2222.43,10918.64,SEC_EDGAR,US_SEC_FIRST,GAAP,False,No,Complete,No,No,,,Market_Cap approx: historical price x current shares.,False,False
CMP-048,BMRN,BioMarin Pharmaceutical,NASDAQ,BMRN,BMRN,2025,FY,31/12/2025,2025,Q4,12,FY2025 covers Jan 2025 to Dec 2025,19/05/2026,USD,No,1.0,3221253000.0,921930000.0,1153017000.0,1311679000.0,3221.25,921.93,1153.02,1311.68,11486.89,SEC_EDGAR,US_SEC_FIRST,GAAP,False,No,Complete,No,No,,,Market_Cap approx: historical price x current shares.,False,False
CMP-048,BMRN,BioMarin Pharmaceutical,NASDAQ,BMRN,BMRN,2025,Q1,31/03/2025,2025,Q1,12,FY2025 covers Jan 2025 to Dec 2025,19/05/2026,USD,No,1.0,745145000.0,158731000.0,206116000.0,1048803000.0,745.14,158.73,206.12,1048.8,13663.28,SEC_EDGAR,US_SEC_FIRST,GAAP,False,No,Complete,No,No,,,Market_Cap approx: historical price x current shares.,False,False
CMP-048,BMRN,BioMarin Pharmaceutical,NASDAQ,BMRN,BMRN,2025,Q2,30/06/2025,2025,Q2,12,FY2025 covers Jan 2025 to Dec 2025,19/05/2026,USD,No,1.0,825410000.0,161308000.0,232279000.0,1213816000.0,825.42,161.31,232.27,1213.82,10624.85,SEC_EDGAR,US_SEC_FIRST,GAAP,False,No,Derived,No,Yes,,,Market_Cap approx: historical price x current shares. | [YTD->Discrete] Q2 was H1 cumulative from SEC XBRL. Corrected: Q2 = H1 - Q1 (Revenue/R&D/SGA).,True,False
CMP-048,BMRN,BioMarin Pharmaceutical,NASDAQ,BMRN,BMRN,2025,Q3,30/09/2025,2025,Q3,12,FY2025 covers Jan 2025 to Dec 2025,19/05/2026,USD,No,1.0,776133000.0,409478000.0,268415000.0,1250108000.0,776.13,409.48,268.42,1250.11,10468.29,SEC_EDGAR,US_SEC_FIRST,GAAP,False,No,Derived,No,Yes,,,Market_Cap approx: historical price x current shares. | [YTD->Discrete] Q3 was 9M cumulative from SEC XBRL. Corrected: Q3 = 9M - H1 (Revenue/R&D/SGA).,True,False
CMP-048,BMRN,BioMarin Pharmaceutical,NASDAQ,BMRN,BMRN,2025,Q4,31/12/2025,2025,Q4,12,FY2025 covers Jan 2025 to Dec 2025,19/05/2026,USD,No,1.0,874565000.0,192413000.0,446207000.0,1311679000.0,874.56,192.41,446.21,1311.68,11486.89,SEC_EDGAR,US_SEC_FIRST,GAAP,False,No,Derived,No,Yes,,,Source: Derived (FY - Q3_YTD) | §4 Conditional.,True,False
CMP-048,BMRN,BioMarin Pharmaceutical,NASDAQ,BMRN,BMRN,2024,FY,31/12/2024,2024,Q4,12,FY2024 covers Jan 2024 to Dec 2024,19/05/2026,USD,No,1.0,2853915000.0,747184000.0,1009025000.0,942842000.0,2853.91,747.18,1009.02,942.84,12704.59,SEC_EDGAR,US_SEC_FIRST,GAAP,False,No,Complete,No,No,,,Market_Cap approx: historical price x current shares.,False,False
CMP-048,BMRN,BioMarin Pharmaceutical,NASDAQ,BMRN,BMRN,2024,Q1,31/03/2024,2024,Q1,12,FY2024 covers Jan 2024 to Dec 2024,19/05/2026,USD,No,1.0,648833000.0,204987000.0,225906000.0,746996000.0,648.83,204.99,225.91,747.0,16835.07,SEC_EDGAR,US_SEC_FIRST,GAAP,False,No,Complete,No,No,,,Market_Cap approx: historical price x current shares.,False,False
CMP-048,BMRN,BioMarin Pharmaceutical,NASDAQ,BMRN,BMRN,2024,Q2,30/06/2024,2024,Q2,12,FY2024 covers Jan 2024 to Dec 2024,19/05/2026,USD,No,1.0,712029000.0,183787000.0,263032000.0,972150000.0,712.03,183.78,263.03,972.15,15874.45,SEC_EDGAR,US_SEC_FIRST,GAAP,False,No,Derived,No,Yes,,,Market_Cap approx: historical price x current shares. | [YTD->Discrete] Q2 was H1 cumulative from SEC XBRL. Corrected: Q2 = H1 - Q1 (Revenue/R&D/SGA).,True,False
CMP-048,BMRN,BioMarin Pharmaceutical,NASDAQ,BMRN,BMRN,2024,Q3,30/09/2024,2024,Q3,12,FY2024 covers Jan 2024 to Dec 2024,19/05/2026,USD,No,1.0,745740000.0,184901000.0,253480000.0,675448000.0,745.74,184.9,253.48,675.45,13585.96,SEC_EDGAR,US_SEC_FIRST,GAAP,False,No,Derived,No,Yes,,,Market_Cap approx: historical price x current shares. | [YTD->Discrete] Q3 was 9M cumulative from SEC XBRL. Corrected: Q3 = 9M - H1 (Revenue/R&D/SGA).,True,False
CMP-048,BMRN,BioMarin Pharmaceutical,NASDAQ,BMRN,BMRN,2024,Q4,31/12/2024,2024,Q4,12,FY2024 covers Jan 2024 to Dec 2024,19/05/2026,USD,No,1.0,747313000.0,173509000.0,266607000.0,942842000.0,747.31,173.51,266.6,942.84,12704.59,SEC_EDGAR,US_SEC_FIRST,GAAP,False,No,Derived,No,Yes,,,Source: Derived (FY - Q3_YTD) | §4 Conditional.,True,False
CMP-049,ELAN,Elanco Animal Health Incorporated,NYSE,ELAN,ELAN,2026,Q1,31/03/2026,2026,Q1,12,FY2026 covers Jan 2026 to Dec 2026,19/05/2026,USD,No,1.0,1371000000.0,97000000.0,381000000.0,428000000.0,1371.0,97.0,381.0,428.0,11951.83,SEC_EDGAR,US_SEC_FIRST,GAAP,False,No,Complete,No,No,,,Market_Cap approx: historical price x current shares.,False,False
CMP-049,ELAN,Elanco Animal Health Incorporated,NYSE,ELAN,ELAN,2025,FY,31/12/2025,2025,Q4,12,FY2025 covers Jan 2025 to Dec 2025,19/05/2026,USD,No,1.0,4715000000.0,368000000.0,1430000000.0,545000000.0,4715.0,368.0,1430.0,545.0,11302.54,SEC_EDGAR,US_SEC_FIRST,GAAP,False,No,Complete,No,No,,,Market_Cap approx: historical price x current shares.,False,False
CMP-049,ELAN,Elanco Animal Health Incorporated,NYSE,ELAN,ELAN,2025,Q1,31/03/2025,2025,Q1,12,FY2025 covers Jan 2025 to Dec 2025,19/05/2026,USD,No,1.0,1193000000.0,94000000.0,341000000.0,487000000.0,1193.0,94.0,341.0,487.0,5244.22,SEC_EDGAR,US_SEC_FIRST,GAAP,False,No,Complete,No,No,,,Market_Cap approx: historical price x current shares.,False,False
CMP-049,ELAN,Elanco Animal Health Incorporated,NYSE,ELAN,ELAN,2025,Q2,30/06/2025,2025,Q2,12,FY2025 covers Jan 2025 to Dec 2025,19/05/2026,USD,No,1.0,1241000000.0,92000000.0,400000000.0,539000000.0,1241.0,92.0,400.0,539.0,7132.14,SEC_EDGAR,US_SEC_FIRST,GAAP,False,No,Derived,No,Yes,,,Market_Cap approx: historical price x current shares. | [YTD->Discrete] Q2 was H1 cumulative from SEC XBRL. Corrected: Q2 = H1 - Q1 (Revenue/R&D/SGA).,True,False
CMP-049,ELAN,Elanco Animal Health Incorporated,NYSE,ELAN,ELAN,2025,Q3,30/09/2025,2025,Q3,12,FY2025 covers Jan 2025 to Dec 2025,19/05/2026,USD,No,1.0,1137000000.0,89000000.0,351000000.0,505000000.0,1137.0,89.0,351.0,505.0,10058.91,SEC_EDGAR,US_SEC_FIRST,GAAP,False,No,Derived,No,Yes,,,Market_Cap approx: historical price x current shares. | [YTD->Discrete] Q3 was 9M cumulative from SEC XBRL. Corrected: Q3 = 9M - H1 (Revenue/R&D/SGA).,True,False
CMP-049,ELAN,Elanco Animal Health Incorporated,NYSE,ELAN,ELAN,2025,Q4,31/12/2025,2025,Q4,12,FY2025 covers Jan 2025 to Dec 2025,19/05/2026,USD,No,1.0,1144000000.0,93000000.0,338000000.0,545000000.0,1144.0,93.0,338.0,545.0,11302.54,SEC_EDGAR,US_SEC_FIRST,GAAP,False,No,Derived,No,Yes,,,Source: Derived (FY - Q3_YTD) | §4 Conditional.,True,False
CMP-049,ELAN,Elanco Animal Health Incorporated,NYSE,ELAN,ELAN,2024,FY,31/12/2024,2024,Q4,12,FY2024 covers Jan 2024 to Dec 2024,19/05/2026,USD,No,1.0,4439000000.0,344000000.0,1314000000.0,468000000.0,4439.0,344.0,1314.0,468.0,6048.33,SEC_EDGAR,US_SEC_FIRST,GAAP,False,No,Complete,No,No,,,Market_Cap approx: historical price x current shares.,False,False
CMP-049,ELAN,Elanco Animal Health Incorporated,NYSE,ELAN,ELAN,2024,Q1,31/03/2024,2024,Q1,12,FY2024 covers Jan 2024 to Dec 2024,19/05/2026,USD,No,1.0,1205000000.0,87000000.0,337000000.0,345000000.0,1205.0,87.0,337.0,345.0,7976.21,SEC_EDGAR,US_SEC_FIRST,GAAP,False,No,Complete,No,No,,,Market_Cap approx: historical price x current shares.,False,False
CMP-049,ELAN,Elanco Animal Health Incorporated,NYSE,ELAN,ELAN,2024,Q2,30/06/2024,2024,Q2,12,FY2024 covers Jan 2024 to Dec 2024,19/05/2026,USD,No,1.0,1184000000.0,89000000.0,354000000.0,416000000.0,1184.0,89.0,354.0,416.0,7042.24,SEC_EDGAR,US_SEC_FIRST,GAAP,False,No,Derived,No,Yes,,,Market_Cap approx: historical price x current shares. | [YTD->Discrete] Q2 was H1 cumulative from SEC XBRL. Corrected: Q2 = H1 - Q1 (Revenue/R&D/SGA).,True,False
CMP-049,ELAN,Elanco Animal Health Incorporated,NYSE,ELAN,ELAN,2024,Q3,30/09/2024,2024,Q3,12,FY2024 covers Jan 2024 to Dec 2024,19/05/2026,USD,No,1.0,1030000000.0,87000000.0,323000000.0,490000000.0,1030.0,87.0,323.0,490.0,7336.91,SEC_EDGAR,US_SEC_FIRST,GAAP,False,No,Derived,No,Yes,,,Market_Cap approx: historical price x current shares. | [YTD->Discrete] Q3 was 9M cumulative from SEC XBRL. Corrected: Q3 = 9M - H1 (Revenue/R&D/SGA).,True,False
CMP-049,ELAN,Elanco Animal Health Incorporated,NYSE,ELAN,ELAN,2024,Q4,31/12/2024,2024,Q4,12,FY2024 covers Jan 2024 to Dec 2024,19/05/2026,USD,No,1.0,1020000000.0,81000000.0,300000000.0,468000000.0,1020.0,81.0,300.0,468.0,6048.33,SEC_EDGAR,US_SEC_FIRST,GAAP,False,No,Derived,No,Yes,,,Source: Derived (FY - Q3_YTD) | §4 Conditional.,True,False
CMP-050,INSM,Insmed,NASDAQ,INSM,INSM,2026,Q1,31/03/2026,2026,Q1,12,FY2026 covers Jan 2026 to Dec 2026,19/05/2026,USD,No,1.0,305964000.0,209485000.0,247259000.0,582188000.0,305.96,209.49,247.26,582.19,35443.36,SEC_EDGAR,US_SEC_FIRST,GAAP,False,No,Complete,No,No,,,Market_Cap approx: historical price x current shares.,False,False
CMP-050,INSM,Insmed,NASDAQ,INSM,INSM,2025,FY,31/12/2025,2025,Q4,12,FY2025 covers Jan 2025 to Dec 2025,19/05/2026,USD,No,1.0,606423000.0,771093000.0,701167000.0,510445000.0,606.42,771.09,701.17,510.44,37723.6,SEC_EDGAR,US_SEC_FIRST,GAAP,False,No,Complete,No,No,,,Market_Cap approx: historical price x current shares.,False,False
CMP-050,INSM,Insmed,NASDAQ,INSM,INSM,2025,Q1,31/03/2025,2025,Q1,12,FY2025 covers Jan 2025 to Dec 2025,19/05/2026,USD,No,1.0,92823000.0,152577000.0,147545000.0,403247000.0,92.82,152.58,147.54,403.25,16536.04,SEC_EDGAR,US_SEC_FIRST,GAAP,False,No,Complete,No,No,,,Market_Cap approx: historical price x current shares.,False,False
CMP-050,INSM,Insmed,NASDAQ,INSM,INSM,2025,Q2,30/06/2025,2025,Q2,12,FY2025 covers Jan 2025 to Dec 2025,19/05/2026,USD,No,1.0,107415000.0,177190000.0,154763000.0,1284324000.0,107.42,177.19,154.77,1284.32,21813.97,SEC_EDGAR,US_SEC_FIRST,GAAP,False,No,Derived,No,Yes,,,Market_Cap approx: historical price x current shares. | [YTD->Discrete] Q2 was H1 cumulative from SEC XBRL. Corrected: Q2 = H1 - Q1 (Revenue/R&D/SGA).,True,False
CMP-050,INSM,Insmed,NASDAQ,INSM,INSM,2025,Q3,30/09/2025,2025,Q3,12,FY2025 covers Jan 2025 to Dec 2025,19/05/2026,USD,No,1.0,142342000.0,186415000.0,186376000.0,334764000.0,142.34,186.41,186.37,334.76,31214.52,SEC_EDGAR,US_SEC_FIRST,GAAP,False,No,Derived,No,Yes,,,Market_Cap approx: historical price x current shares. | [YTD->Discrete] Q3 was 9M cumulative from SEC XBRL. Corrected: Q3 = 9M - H1 (Revenue/R&D/SGA).,True,False
CMP-050,INSM,Insmed,NASDAQ,INSM,INSM,2025,Q4,31/12/2025,2025,Q4,12,FY2025 covers Jan 2025 to Dec 2025,19/05/2026,USD,No,1.0,263843000.0,254911000.0,212483000.0,510445000.0,263.84,254.91,212.49,510.44,37723.6,SEC_EDGAR,US_SEC_FIRST,GAAP,False,No,Derived,No,Yes,,,Source: Derived (FY - Q3_YTD) | §4 Conditional.,True,False
CMP-050,INSM,Insmed,NASDAQ,INSM,INSM,2024,FY,31/12/2024,2024,Q4,12,FY2024 covers Jan 2024 to Dec 2024,19/05/2026,USD,No,1.0,363707000.0,598367000.0,461116000.0,555030000.0,363.71,598.37,461.12,555.03,14964.59,SEC_EDGAR,US_SEC_FIRST,GAAP,False,No,Complete,No,No,,,Market_Cap approx: historical price x current shares.,False,False
CMP-050,INSM,Insmed,NASDAQ,INSM,INSM,2024,Q1,31/03/2024,2024,Q1,12,FY2024 covers Jan 2024 to Dec 2024,19/05/2026,USD,No,1.0,75500000.0,121083000.0,93102000.0,595729000.0,75.5,121.08,93.1,595.73,5791.63,SEC_EDGAR,US_SEC_FIRST,GAAP,False,No,Complete,No,No,,,Market_Cap approx: historical price x current shares.,False,False
CMP-050,INSM,Insmed,NASDAQ,INSM,INSM,2024,Q2,30/06/2024,2024,Q2,12,FY2024 covers Jan 2024 to Dec 2024,19/05/2026,USD,No,1.0,90340000.0,146748000.0,106569000.0,1246799000.0,90.34,146.75,106.57,1246.8,14379.36,SEC_EDGAR,US_SEC_FIRST,GAAP,False,No,Derived,No,Yes,,,Market_Cap approx: historical price x current shares. | [YTD->Discrete] Q2 was H1 cumulative from SEC XBRL. Corrected: Q2 = H1 - Q1 (Revenue/R&D/SGA).,True,False
CMP-050,INSM,Insmed,NASDAQ,INSM,INSM,2024,Q3,30/09/2024,2024,Q3,12,FY2024 covers Jan 2024 to Dec 2024,19/05/2026,USD,No,1.0,93425000.0,150809000.0,118930000.0,461451000.0,93.42,150.81,118.93,461.45,15822.93,SEC_EDGAR,US_SEC_FIRST,GAAP,False,No,Derived,No,Yes,,,Market_Cap approx: historical price x current shares. | [YTD->Discrete] Q3 was 9M cumulative from SEC XBRL. Corrected: Q3 = 9M - H1 (Revenue/R&D/SGA).,True,False
CMP-050,INSM,Insmed,NASDAQ,INSM,INSM,2024,Q4,31/12/2024,2024,Q4,12,FY2024 covers Jan 2024 to Dec 2024,19/05/2026,USD,No,1.0,104442000.0,179727000.0,142515000.0,555030000.0,104.45,179.73,142.52,555.03,14964.59,SEC_EDGAR,US_SEC_FIRST,GAAP,False,No,Derived,No,Yes,,,Source: Derived (FY - Q3_YTD) | §4 Conditional.,True,False
CMP-006,AZN.L,AstraZeneca,NYSE,AZN.L,AZN.L,2024,Q1,31/03/2024,2024,Q1,12,FY2024 covers Jan 2024 to Dec 2024,2026-05-19,USD,No,1.0,12679000000.0,2783000000.0,4495000000.0,7841000000.0,12679.0,2783.0,4495.0,7841.0,207744.09,Manual_Official_Report,US_SEC_FIRST,IFRS,Y,AstraZeneca Q1 2024 Results Announcement: https://www.astrazeneca.com/content/dam/az/PDF/2024/q1/Q1-2024-results-announcement.pdf,Complete,No,No,,,[MANUAL_SOURCE_VERIFIED] Exact official source verified. Raw financial statement values staged from official report; converted once to USD for Q_* fields. Staging notes: Extracted from Q1 Results PDF. Financial metrics are directly disclosed. Cash is Cash and cash equivalents. [MARKET_CAP_CORRECTED] Corrected from 16439000.28 to 207744.09 USD millions by converting GBp close price of 10600.0068359375 using FX rate 1.263727.,False,False
CMP-006,AZN.L,AstraZeneca,NYSE,AZN.L,AZN.L,2024,Q3,30/09/2024,2024,Q3,12,FY2024 covers Jan 2024 to Dec 2024,2026-05-19,USD,No,1.0,13565000000.0,3115000000.0,5143000000.0,8290000000.0,13565.0,3115.0,5143.0,8290.0,240438.44,Manual_Official_Report,US_SEC_FIRST,IFRS,Y,AstraZeneca 9M and Q3 2024 Results Announcement: https://www.astrazeneca.com/content/dam/az/PDF/2024/9m-q3/9M-and-Q3-2024-results-announcement.pdf,Complete,No,No,,,"[MANUAL_SOURCE_VERIFIED] Exact official source verified. Raw financial statement values staged from official report; converted once to USD for Q_* fields. Staging notes: Extracted from Q3 Results PDF. Income statement contains a discrete table for the three months ended Sept 30, 2024. Cash is Cash and cash equivalents. [MARKET_CAP_CORRECTED] Corrected from 17965557.3 to 240438.44 USD millions by converting GBp close price of 11584.34375 using FX rate 1.33833.",False,False
CMP-006,AZN.L,AstraZeneca,NYSE,AZN.L,AZN.L,2025,Q1,31/03/2025,2025,Q1,12,FY2025 covers Jan 2025 to Dec 2025,2026-05-19,USD,No,1.0,13588000000.0,3159000000.0,4492000000.0,5230000000.0,13588.0,3159.0,4492.0,5230.0,225776.12,Manual_Official_Report,US_SEC_FIRST,IFRS,Y,AstraZeneca Q1 2025 Results Announcement: https://www.astrazeneca.com/content/dam/az/PDF/2025/q1/Q1-2025-results-announcement.pdf,Complete,No,No,,,[MANUAL_SOURCE_VERIFIED] Exact official source verified. Raw financial statement values staged from official report; converted once to USD for Q_* fields. Staging notes: Extracted from Q1 Results PDF. Financial metrics are directly disclosed. Cash is Cash and cash equivalents. [MARKET_CAP_CORRECTED] Corrected from 17450241.07 to 225776.12 USD millions by converting GBp close price of 11252.064453125 using FX rate 1.293828.,False,False
CMP-006,AZN.L,AstraZeneca,NYSE,AZN.L,AZN.L,2025,Q3,30/09/2025,2025,Q3,12,FY2025 covers Jan 2025 to Dec 2025,2026-05-19,USD,No,1.0,15191000000.0,3663000000.0,5085000000.0,5321000000.0,15191.0,3663.0,5085.0,5321.0,232999.28,Manual_Official_Report,US_SEC_FIRST,IFRS,Y,AstraZeneca 9M and Q3 2025 Results Announcement: https://www.astrazeneca.com/content/dam/az/PDF/2025/9m-q3/9M-and-Q3-2025-results-announcement.pdf,Complete,No,No,,,"[MANUAL_SOURCE_VERIFIED] Exact official source verified. Raw financial statement values staged from official report; converted once to USD for Q_* fields. Staging notes: Extracted from Q3 Results PDF. Income statement contains a discrete table for the three months ended Sept 30, 2025. Cash is Cash and cash equivalents. [MARKET_CAP_CORRECTED] Corrected from 17339803.73 to 232999.28 USD millions by converting GBp close price of 11180.8525390625 using FX rate 1.343725.",False,False
CMP-007,NOVN.SW,Novartis AG,NYSE,NOVN.SW,NOVN.SW,2024,Q1,31/03/2024,2024,Q1,12,FY2024 covers Jan 2024 to Dec 2024,2026-05-19,USD,No,1.0,11829000000.0,2421000000.0,2840000000.0,7066000000.0,11829.0,2421.0,2840.0,7066.0,153216.05,Manual_Official_Report,US_SEC_FIRST,IFRS,Y,Novartis First Quarter 2024 Condensed Financial Report: https://www.novartis.com/sites/novartis_com/files/q1-2024-financial-report.pdf,Complete,No,No,,,[MANUAL_SOURCE_VERIFIED] Exact official source verified. Raw financial statement values staged from official report; converted once to USD for Q_* fields. Staging notes: Extracted from Q1 Condensed Financial Report. Financial metrics are directly disclosed. Cash is Cash and cash equivalents.,False,False
CMP-007,NOVN.SW,Novartis AG,NYSE,NOVN.SW,NOVN.SW,2024,Q3,30/09/2024,2024,Q3,12,FY2024 covers Jan 2024 to Dec 2024,2026-05-19,USD,No,1.0,12823000000.0,2392000000.0,3134000000.0,13609000000.0,12823.0,2392.0,3134.0,13609.0,173686.59,Manual_Official_Report,US_SEC_FIRST,IFRS,Y,Novartis Third Quarter 2024 Condensed Financial Report: https://www.novartis.com/sites/novartis_com/files/q3-2024-financial-report.pdf,Complete,No,No,,,[MANUAL_SOURCE_VERIFIED] Exact official source verified. Raw financial statement values staged from official report; converted once to USD for Q_* fields. Staging notes: Extracted from Q3 Condensed Financial Report. Financial metrics are directly disclosed. Cash is Cash and cash equivalents.,False,False
CMP-007,NOVN.SW,Novartis AG,NYSE,NOVN.SW,NOVN.SW,2025,Q1,31/03/2025,2025,Q1,12,FY2025 covers Jan 2025 to Dec 2025,2026-05-19,USD,No,1.0,13233000000.0,2366000000.0,3058000000.0,7066000000.0,13233.0,2366.0,3058.0,7066.0,181174.99,Manual_Official_Report,US_SEC_FIRST,IFRS,Y,Novartis First Quarter 2025 Condensed Financial Report: https://www.novartis.com/sites/novartis_com/files/q1-2025-financial-report.pdf,Complete,No,No,,,[MANUAL_SOURCE_VERIFIED] Exact official source verified. Raw financial statement values staged from official report; converted once to USD for Q_* fields. Staging notes: Extracted from Q1 Condensed Financial Report. Financial metrics are directly disclosed. Cash is Cash and cash equivalents.,False,False
CMP-007,NOVN.SW,Novartis AG,NYSE,NOVN.SW,NOVN.SW,2025,Q3,30/09/2025,2025,Q3,12,FY2025 covers Jan 2025 to Dec 2025,2026-05-19,USD,No,1.0,13909000000.0,2944000000.0,3308000000.0,9556000000.0,13909.0,2944.0,3308.0,9556.0,185396.98,Manual_Official_Report,US_SEC_FIRST,IFRS,Y,Novartis Third Quarter 2025 Condensed Financial Report: https://www.novartis.com/sites/novartis_com/files/q3-2025-financial-report.pdf,Complete,No,No,,,[MANUAL_SOURCE_VERIFIED] Exact official source verified. Raw financial statement values staged from official report; converted once to USD for Q_* fields. Staging notes: Extracted from Q3 Condensed Financial Report. Financial metrics are directly disclosed. Cash is Cash and cash equivalents.,False,False
CMP-009,NOVO-B.CO,Novo Nordisk,NYSE,NVO,NOVO-B.CO,2024,Q1,31/03/2024,2024,Q1,12,FY2024 covers Jan 2024 to Dec 2024,2026-05-19,DKK,Yes,0.144712,65349000000.0,8606000000.0,14413000000.0,6324000000.0,9456.78,1245.39,2085.73,915.16,394340.65,Manual_Official_Report,US_SEC_FIRST,IFRS,Y,Financial statement for the first three months of 2024 (No. 35 / 2024): https://attachment.news.eu.nasdaq.com/aab53dee60932e3e24cd3d35e851f5a88.pdf,Complete,No,No,,,"[MANUAL_SOURCE_VERIFIED] Exact official source verified. Raw financial statement values staged from official report; converted once to USD for Q_* fields. Staging notes: Sourced from official announcement No. 35/2024. SG&A is sum of Sales and distribution costs (13,256m) and Administrative expenses (1,157m). Cash is Cash and cash equivalents. [MARKET_CAP_CORRECTED] Corrected from 2725003.12 to 394340.65 USD millions by converting DKK close price of 811.751220703125 using FX rate 0.144712. | [BATCH1_NOVO_RESOLVED] Novo Nordisk 2024 Q2/Q3 derived rows merged; cash definition corrected to cash and cash equivalents only; market caps use approximate external-reference values.",False,True
CMP-015,SNY,Sanofi,NASDAQ,SNY,SNY,2024,Q1,31/03/2024,2024,Q1,12,FY2024 covers Jan 2024 to Dec 2024,2026-05-19,EUR,Yes,1.079273,10464000000.0,1719000000.0,2605000000.0,9181000000.0,11293.51,1855.27,2811.51,9908.81,100698.18,Manual_Official_Report,ADR_FPI,IFRS,Y,Sanofi Q1 2024 Financial Results Page: https://www.sanofi.com/en/investors/financial-results/quarterly-results/2024-q1,Complete,No,No,,,[MANUAL_SOURCE_VERIFIED] Exact official source verified. Raw financial statement values staged from official report; converted once to USD for Q_* fields. Staging notes: Extracted from official Q1 reports. Metrics are directly disclosed. Cash is Cash and cash equivalents.,False,True
CMP-015,SNY,Sanofi,NASDAQ,SNY,SNY,2024,Q3,30/09/2024,2024,Q3,12,FY2024 covers Jan 2024 to Dec 2024,2026-05-19,EUR,Yes,1.116982,13438000000.0,1852000000.0,2681000000.0,8243000000.0,15010.0,2068.65,2994.63,9207.28,125267.93,Manual_Official_Report,ADR_FPI,IFRS,Y,Sanofi Q3 2024 Financial Results Page: https://www.sanofi.com/en/investors/financial-results/quarterly-results/2024-q3,Complete,No,No,,,[MANUAL_SOURCE_VERIFIED] Exact official source verified. Raw financial statement values staged from official report; converted once to USD for Q_* fields. Staging notes: Extracted from Q3 reports. Discrete quarterly metrics are reported directly. Cash is Cash and cash equivalents.,False,True
CMP-018,MRK.F,Merck KGaA,Frankfurt Stock Exchange,MRK.F,MRK.F,2024,H1,30/06/2024,2024,Q2,12,FY2024 covers Jan 2024 to Dec 2024,2026-05-19,EUR,Yes,1.073526,10126000000.0,1266000000.0,2981000000.0,2517000000.0,10870.52,1359.08,3200.18,2702.06,18954.58,Manual_Official_Report,YF_THEN_MANUAL,IFRS,Y,Merck KGaA Reports and Financials Portal - H1 Report Page: https://www.merckgroup.com/en/investors/reporting-financial-publications/reports.html,Complete,No,No,,,"[MANUAL_SOURCE_VERIFIED] Exact official source verified. Raw financial statement values staged from official report; converted once to USD for Q_* fields. Staging notes: Extracted from H1 report. SG&A is sum of Marketing & selling expenses (2,233m) and Administration expenses (748m). Cash is Cash and cash equivalents.",False,True
CMP-020,BAYN.DE,Bayer,XETRA,BAYN.DE,BAYRY,2024,Q1,31/03/2024,2024,Q1,12,FY2024 covers Jan 2024 to Dec 2024,2026-05-19,EUR,Yes,1.079273,13765000000.0,1571000000.0,3828000000.0,4854000000.0,14856.19,1695.54,4131.46,5238.79,29709.75,Manual_Official_Report,YF_THEN_MANUAL,IFRS,Y,Bayer Q1 2024 Results and Statement Page: https://www.bayer.com/en/investor-relations/q1-2024-results,Complete,No,No,,,"[MANUAL_SOURCE_VERIFIED] Exact official source verified. Raw financial statement values staged from official report; converted once to USD for Q_* fields. Staging notes: Extracted from Q1 Statement. SG&A is sum of Selling expenses (3,245m) and General administration expenses (583m). Cash is Cash and cash equivalents. | [BATCH1_DERIVED_RESOLVED] Bayer 2024 Q2 derived row merged; all Bayer Batch 1 gaps resolved.",False,True
CMP-020,BAYN.DE,Bayer,XETRA,BAYN.DE,BAYRY,2024,Q3,30/09/2024,2024,Q3,12,FY2024 covers Jan 2024 to Dec 2024,2026-05-19,EUR,Yes,1.116982,9968000000.0,1559000000.0,3725000000.0,4619000000.0,11134.08,1741.37,4160.76,5159.34,33028.41,Manual_Official_Report,YF_THEN_MANUAL,IFRS,Y,Bayer Q3 2024 Results and Statement Page: https://www.bayer.com/en/investor-relations/q3-2024-results,Complete,No,No,,,"[MANUAL_SOURCE_VERIFIED] Exact official source verified. Raw financial statement values staged from official report; converted once to USD for Q_* fields. Staging notes: Extracted from Q3 Statement. SG&A is sum of Selling expenses (3,158m) and General administration expenses (567m). Cash is Cash and cash equivalents. | [BATCH1_DERIVED_RESOLVED] Bayer 2024 Q2 derived row merged; all Bayer Batch 1 gaps resolved.",False,True
CMP-020,BAYN.DE,Bayer,XETRA,BAYN.DE,BAYRY,2024,FY,31/12/2024,2024,Q4,12,FY2024 covers Jan 2024 to Dec 2024,2026-05-19,EUR,Yes,1.040615,46606000000.0,6209000000.0,15938000000.0,3378000000.0,48498.9,6461.18,16585.32,3515.2,19029.35,Manual_Official_Report,YF_THEN_MANUAL,IFRS,Y,Bayer Q4/FY 2024 Results and Annual Report Page: https://www.bayer.com/en/investor-relations/q4-2024-results,Complete,No,No,,,"[MANUAL_SOURCE_VERIFIED] Exact official source verified. Raw financial statement values staged from official report; converted once to USD for Q_* fields. Staging notes: Extracted from Annual Report 2024. SG&A is sum of Selling expenses (13,364m) and General administration expenses (2,574m). Cash is Cash and cash equivalents. | [BATCH1_DERIVED_RESOLVED] Bayer 2024 Q2 derived row merged; all Bayer Batch 1 gaps resolved.",False,True
CMP-034,GSK.L,GlaxoSmithKline,NYSE,GSK,GSK,2024,Q1,31/03/2024,2024,Q1,12,FY2024 covers Jan 2024 to Dec 2024,2026-05-19,GBP,Yes,1.263727,7363000000.0,1359000000.0,1979000000.0,2790000000.0,9304.82,1717.4,2500.92,3525.8,77971.36,Manual_Official_Report,US_SEC_FIRST,IFRS,Y,GSK Q1 2024 Results Announcement: https://www.gsk.com/media/11099/q1-2024-results-announcement.pdf,Complete,No,No,,,[MANUAL_SOURCE_VERIFIED] Exact official source verified. Raw financial statement values staged from official report; converted once to USD for Q_* fields. Staging notes: Extracted from Q1 Results PDF. Financial metrics are directly disclosed. Cash is Cash and cash equivalents.,False,True
CMP-034,GSK.L,GlaxoSmithKline,NYSE,GSK,GSK,2024,Q2,30/06/2024,2024,Q2,12,FY2024 covers Jan 2024 to Dec 2024,2026-05-19,GBP,Yes,1.264862,7884000000.0,1415000000.0,2223000000.0,3799000000.0,9972.17,1789.78,2811.79,4805.21,71130.77,Manual_Official_Report,US_SEC_FIRST,IFRS,Y,GSK Q2 2024 Results Announcement: https://www.gsk.com/media/11412/q2-2024-results-announcement.pdf,Complete,No,No,,,[MANUAL_SOURCE_VERIFIED] Exact official source verified. Raw financial statement values staged from official report; converted once to USD for Q_* fields. Staging notes: Extracted from Q2 Results PDF. Financial metrics are directly disclosed. Cash is Cash and cash equivalents.,False,True
CMP-020,BAYN.DE,Bayer,XETRA,BAYN.DE,BAYRY,2024,Q2,30/06/2024,2024,Q2,12,FY2024 covers Jan 2024 to Dec 2024,2026-05-19,EUR,Yes,1.073526,11144000000.0,1190000000.0,4027000000.0,3888000000.0,11963.37,1277.5,4323.09,4173.87,27179.22,Manual_Official_Report,YF_THEN_MANUAL,IFRS,Y,Bayer Half-Year Financial Report 2024: https://www.bayer.com/en/investor-relations/q2-2024-results,Complete,No,No,,,"[MANUAL_SOURCE_VERIFIED] [DERIVED_VERIFIED] Derived from exact official cumulative disclosures; formula verified. Staging notes: Derived from H1 Report (Revenue: 24,909m; RD: 2,761m; SGA: 7,855m) and Q1. Cash is Cash and cash equivalents.",True,True
CMP-009,NOVO-B.CO,Novo Nordisk,NYSE,NVO,NOVO-B.CO,2024,Q2,30/06/2024,2024,Q2,12,FY2024 covers Jan 2024 to Dec 2024,2026-05-20,DKK,Yes,0.143951,68060000000.0,16166000000.0,16091000000.0,7821000000.0,9797.31,2327.11,2316.32,1125.84,610000.0,Manual_Official_Report,US_SEC_FIRST,IFRS,Y,Novo Nordisk H1 2024 SEC Form 6-K (Company announcement No 58 / 2024): https://www.sec.gov/Archives/edgar/data/1672320/000117189224008104/f6-k.htm,Complete,No,No,,,"[MANUAL_SOURCE_VERIFIED] [DERIVED_VERIFIED] [CASH_DEFINITION_CORRECTED] [MARKET_CAP_APPROX_EXTERNAL_REFERENCE] Derived from exact official cumulative disclosures; cash uses Cash and cash equivalents only; market cap is approximate external-reference value, not yfinance ADR/share-count calculation.",True,True
CMP-009,NOVO-B.CO,Novo Nordisk,NYSE,NVO,NOVO-B.CO,2024,Q3,30/09/2024,2024,Q3,12,FY2024 covers Jan 2024 to Dec 2024,2026-05-20,DKK,Yes,0.149804,71314000000.0,9488000000.0,16592000000.0,12018000000.0,10683.12,1421.34,2485.55,1800.34,499000.0,Manual_Official_Report,US_SEC_FIRST,IFRS,Y,Novo Nordisk 9M 2024 SEC Form 6-K (Company announcement No 81 / 2024): https://www.sec.gov/Archives/edgar/data/1672320/000117189224011234/f6-k.htm,Complete,No,No,,,"[MANUAL_SOURCE_VERIFIED] [DERIVED_VERIFIED] [CASH_DEFINITION_CORRECTED] [MARKET_CAP_APPROX_EXTERNAL_REFERENCE] Derived from exact official cumulative disclosures; cash uses Cash and cash equivalents only; market cap is approximate external-reference value, not yfinance ADR/share-count calculation.",True,True
